label,date,duration,bvid,url,title,core_hits,support_hits,background_hits
out,2026-06-15,46:00,BV1PKjN6aEE3,https://www.bilibili.com/video/BV1PKjN6aEE3/,2026年了，怎么还想着，读研逆天改命，20260615,,,
out,2026-06-12,37:59,BV1EfJ56ZE6Q,https://www.bilibili.com/video/BV1EfJ56ZE6Q/,走投无路，就硬起来，反抗！！！20260612,,,
out,2026-06-07,14:13,BV1AWEt6KEZi,https://www.bilibili.com/video/BV1AWEt6KEZi/,10个辅导员岗9244个研究生竞争，凡事不能脱离群众考虑问题,,,
out,2026-06-06,43:38,BV1AJ7Q6AE6C,https://www.bilibili.com/video/BV1AJ7Q6AE6C/,很多研究生，自认为是牛马，奴隶都不如你，20260606,,,
out,2026-06-05,29:59,BV1517y6wEHo,https://www.bilibili.com/video/BV1517y6wEHo/,没有当初，你现在担心的是，延毕该怎么办，20260605,,,
out,2026-06-04,09:07,BV1CwEP6AEYc,https://www.bilibili.com/video/BV1CwEP6AEYc/,读研最可怕的，是较真师弟，折磨死你！,,,
background,2026-06-02,36:53,BV1zVVr6QEoa,https://www.bilibili.com/video/BV1zVVr6QEoa/,读研造航母，造假都造不出来，你还造真的了，20260602,,,造假
background,2026-05-31,18:55,BV1JYVQ6UEkT,https://www.bilibili.com/video/BV1JYVQ6UEkT/,这年代研究生能毕业的，我都敬你是条汉子，真九九八十一难。耿同学被永久限流，真就是支持学术造假吗？,,,造假;学术
out,2026-05-29,34:11,BV1vxVa6QEdP,https://www.bilibili.com/video/BV1vxVa6QEdP/,柿子都是挑软的捏，刺头巴不得早点滚蛋，20260529,,,
out,2026-05-26,08:05,BV1CEVP6XED3,https://www.bilibili.com/video/BV1CEVP6XED3/,全是AI，脑子转不过来了，感觉在骗我钱！,,,
background,2026-05-25,34:00,BV1fqGo64Ecz,https://www.bilibili.com/video/BV1fqGo64Ecz/,都在说学术打假，可谁来关心研究生们，20260525,,,打假;学术
out,2026-05-24,64:27,BV1CPGH6AEJa,https://www.bilibili.com/video/BV1CPGH6AEJa/,不要过度焦虑，出了问题再解决，20260524,,,
out,2026-05-21,38:19,BV1npLx67E46,https://www.bilibili.com/video/BV1npLx67E46/,吃过最大的饼，导师画的饼，20260521,,,
background,2026-05-20,05:50,BV1SPLU6ZEk4,https://www.bilibili.com/video/BV1SPLU6ZEk4/,毕业答辩不要辩，谦虚礼貌认真听，附答辩PPT制作方法,,,答辩
out,2026-05-18,41:33,BV1u4LP6KEWJ,https://www.bilibili.com/video/BV1u4LP6KEWJ/,读研没你想的那么香，更何况还是跨考，20260518,,,
background,2026-05-16,09:27,BV1zsL56jE72,https://www.bilibili.com/video/BV1zsL56jE72/,天临元年之后，留下的是无脑降重，学术圈风气改变了吗？,,,降重;学术
out,2026-05-15,38:37,BV1kS5i61EtC,https://www.bilibili.com/video/BV1kS5i61EtC/,研究方向就是要，做烂的了方向，做的人越多越好，20260515,,,
out,2026-05-11,28:23,BV1s45t6bEZr,https://www.bilibili.com/video/BV1s45t6bEZr/,有些导师，真就是奴隶主，吃人还不吐骨头！20260511,,,
out,2026-05-11,08:01,BV1eC5W6wEEk,https://www.bilibili.com/video/BV1eC5W6wEEk/,OPPO母亲节文案，我妈有两个“老公”，武大学聪明了！,,,
out,2026-05-08,81:23,BV15TdGBaEJW,https://www.bilibili.com/video/BV15TdGBaEJW/,就你还读博？有点自知之明吧！20260508,,,
background,2026-05-07,14:20,BV1xPdwB9EBs,https://www.bilibili.com/video/BV1xPdwB9EBs/,同济Nature造假后续，研究生提前做好准备吧！,,,造假;Nature
background,2026-05-06,10:57,BV14ER4B4E2F,https://www.bilibili.com/video/BV14ER4B4E2F/,同济南开中山大学接连情况说明，耿同学捅了学术圈马蜂窝？20260506,,,学术
out,2026-05-06,00:23,BV1WHRsB2EBV,https://www.bilibili.com/video/BV1WHRsB2EBV/,自媒体越来越难做了，已经在开始尝试养殖业了。其实昨天A箱也经历过一次大飞逃[口罩],,,
out,2026-05-04,31:29,BV1nbRiBrEZ9,https://www.bilibili.com/video/BV1nbRiBrEZ9/,怎么都想不开，要去读博啊！！！20260504,,,
background,2026-05-02,09:29,BV1bFREBqEYB,https://www.bilibili.com/video/BV1bFREBqEYB/,深度复盘同济南开Nature论文，揭开学术圈遮羞布,,,Nature;论文;学术
background,2026-04-27,14:52,BV1rookBYE6b,https://www.bilibili.com/video/BV1rookBYE6b/,一区论文都给你录用了，担心这担心那，干脆退学！20260427,,,论文
out,2026-04-26,24:43,BV1muovBpErT,https://www.bilibili.com/video/BV1muovBpErT/,读博慎重！20260426,,,
out,2026-04-24,41:16,BV1q9oLBDERw,https://www.bilibili.com/video/BV1q9oLBDERw/,你唯一的问题，就是太软柿子，不够刺头，20260424,,,
out,2026-04-23,31:54,BV1z7oMBAEHr,https://www.bilibili.com/video/BV1z7oMBAEHr/,导师没选好，烦恼少不了，20260423,,,
out,2026-04-19,49:38,BV1mxoFB9Ekw,https://www.bilibili.com/video/BV1mxoFB9Ekw/,临近毕业，导师检查代码，怎么办怎么办！！！20260419,,,
out,2026-04-17,41:11,BV1PRdBBxEZm,https://www.bilibili.com/video/BV1PRdBBxEZm/,研究生朋友，大胆双休，有假就放假，这是你的权利，20260417,,,
background,2026-04-16,10:36,BV1r1d8BbEvA,https://www.bilibili.com/video/BV1r1d8BbEvA/,我坚定认为：硕士找工作不看论文！！！,,,论文
out,2026-04-14,12:11,BV1z1QvBFESu,https://www.bilibili.com/video/BV1z1QvBFESu/,学生往往后知后觉，希望你能先知先觉，看完这期视频后,,,
out,2026-04-13,39:43,BV1uuQ4BXEJG,https://www.bilibili.com/video/BV1uuQ4BXEJG/,高校是培养人才，不敢纵容奴隶主导师，20260413,,,
out,2026-04-11,04:04,BV1bRQKBhEc8,https://www.bilibili.com/video/BV1bRQKBhEc8/,B站三牌合一，致力于一件事：帮助广大研究生们！,,,
out,2026-04-10,40:51,BV1wZQFBNEYx,https://www.bilibili.com/video/BV1wZQFBNEYx/,世道变了，找不到工作的才来读研，读研依旧难找工作，20260410,,,
background,2026-04-09,28:35,BV1sTDxB3EmN,https://www.bilibili.com/video/BV1sTDxB3EmN/,读研一定要明确，你是想毕业，还是想搞科研，20260409,,,科研
out,2026-04-02,31:02,BV1dS9wBNEsJ,https://www.bilibili.com/video/BV1dS9wBNEsJ/,好是相对的，“正确”也是相对的？20260402,,,
out,2026-04-01,36:26,BV1id97BjEx2,https://www.bilibili.com/video/BV1id97BjEx2/,朝九晚九单休，月度百分制，签字画押，现在的导师怎么了，20260401,,,
out,2026-03-27,52:34,BV14TXMBNE1L,https://www.bilibili.com/video/BV14TXMBNE1L/,研究生应该，听导师话，还是不听导师话？20260327,,,
out,2026-03-26,09:18,BV1QeX4BbE7W,https://www.bilibili.com/video/BV1QeX4BbE7W/,结果不如人意时，记住这个时代背景下，错的不是你们，人都是被推着走的,,,
background,2026-03-24,12:19,BV1H8Q6B1EGv,https://www.bilibili.com/video/BV1H8Q6B1EGv/,当代研究生莫忘了，武大杨某媛论文，百错仍可硕呀！张雪峰张老师一路走好，也希望所有朋友都要珍惜自己！,,,论文
out,2026-03-24,07:23,BV1aCQfBUEcS,https://www.bilibili.com/video/BV1aCQfBUEcS/,又有研究生被机构事后勒索，写手一般是本科生+AI，醒醒吧，能救一个是一个！！！,,,
out,2026-03-23,36:54,BV17MQZB9Egc,https://www.bilibili.com/video/BV17MQZB9Egc/,谈恋爱是谈恋爱，结婚是结婚，两码事，20260323,,,
out,2026-03-21,86:04,BV1X3AAzpEG4,https://www.bilibili.com/video/BV1X3AAzpEG4/,我只是想毕业，这也有错么？20260321,,,
background,2026-03-20,15:36,BV1pnAJzHEiV,https://www.bilibili.com/video/BV1pnAJzHEiV/,学术不端也分级别，别搞最垃圾的，行吗？,,,学术不端;学术
out,2026-03-17,35:11,BV14mwRzdE4H,https://www.bilibili.com/video/BV14mwRzdE4H/,研三的同学，我知道你很急，但再急也不要被忽悠了，20260317,,,
out,2026-03-16,10:01,BV1Rfw2zjEgP,https://www.bilibili.com/video/BV1Rfw2zjEgP/,希望湘雅同学是最后一位，希望再也没有研究生选择离开，149期组会视频，定有你问题的答案！,,,
support,2026-03-15,12:27,BV1ihw3zUEDy,https://www.bilibili.com/video/BV1ihw3zUEDy/,毕业大论文，盲审通过概率+100%，最后一次应该检查的内容，佛渡有缘研究生，过了这村，没这个店,,大论文,论文
out,2026-03-13,41:10,BV1AYwJzJEJJ,https://www.bilibili.com/video/BV1AYwJzJEJJ/,课题组要求都是放屁。签署知情同意书，本人、同门、父母都要签名，谁爱签谁签去！20260313,,,
background,2026-03-10,06:09,BV1vxPQzwEMP,https://www.bilibili.com/video/BV1vxPQzwEMP/,研究新生大误区，论文千万不要一句话一句话的看过去！！！,,,论文
out,2026-03-09,39:09,BV1aMPDz9ENm,https://www.bilibili.com/video/BV1aMPDz9ENm/,研究生们，做贼，切记心虚，20260309,,,
support,2026-03-08,10:33,BV1KBNGzCELr,https://www.bilibili.com/video/BV1KBNGzCELr/,S.H.I.T期刊，假期刊出现“真”论文？,,期刊,论文
out,2026-03-06,34:50,BV1B3P4zeEBE,https://www.bilibili.com/video/BV1B3P4zeEBE/,很多时候想得到更多，要么丢掉良心，要么放弃健康，20260306,,,
out,2026-03-02,40:49,BV1zRP7zVEGM,https://www.bilibili.com/video/BV1zRP7zVEGM/,不会真有人觉得，考研上岸，自己就是科学家了吧，20260302,,,
out,2026-02-28,26:44,BV1WcAazXEAX,https://www.bilibili.com/video/BV1WcAazXEAX/,感觉导师不懂，有没有一种可能，是真的不懂！20260228,,,
out,2026-02-27,49:57,BV1TsAUzGEpD,https://www.bilibili.com/video/BV1TsAUzGEpD/,导师错了你没错，你焦虑你想轻生，你真的甘心吗？20260227,,,
out,2026-02-26,10:44,BV14gA6zUECf,https://www.bilibili.com/video/BV14gA6zUECf/,研究生之友，百万硕博粉丝水导，马年开工！26年视频观看指南！,,,
support,2026-02-16,11:34,BV15eZTBxErS,https://www.bilibili.com/video/BV15eZTBxErS/,教水论文救不了研究生，反复熏陶才能看清答案,,水论文,论文
out,2026-02-15,00:38,BV1ZfZWBVEUc,https://www.bilibili.com/video/BV1ZfZWBVEUc/,蛇年最后一跃，便是马年，祝大家马到成功！也希望自己的课马年大卖！[打call],,,
out,2026-02-15,04:49,BV1YWZHBbEEb,https://www.bilibili.com/video/BV1YWZHBbEEb/,华中农勇士举起的火把被浇灭，是我唯一担心的！他知道你知道，你又能如何？,,,
background,2026-02-14,10:33,BV1fTZJBaEBN,https://www.bilibili.com/video/BV1fTZJBaEBN/,四川大学王竹卿事件，点到为止！论文和科研不是一回事！,,,论文;科研
support,2026-02-13,31:10,BV1r4cEz6ETb,https://www.bilibili.com/video/BV1r4cEz6ETb/,大论文盲审专家，会质疑数据真假吗？20260209,,大论文,论文
background,2026-02-09,17:57,BV1BDcKziEAn,https://www.bilibili.com/video/BV1BDcKziEAn/,你问我学术不端可不可以，那一定是不可以，20260206,,,学术不端;学术
out,2026-02-09,00:25,BV19AcuzKESC,https://www.bilibili.com/video/BV19AcuzKESC/,生吃葛虫挑战[口罩],,,
support,2026-02-09,06:16,BV1j9cKzeEUn,https://www.bilibili.com/video/BV1j9cKzeEUn/,三探川大王竹卿硕士论文，现在的研究生太难了,,,论文
core,2026-02-08,49:38,BV1nhFZz7E8D,https://www.bilibili.com/video/BV1nhFZz7E8D/,二探川大83页举报信，给研究生们的启发！当你仅论文论，论文发表好像很简单！严厉抵制学术不端！,仅论文论,,学术不端;论文;学术
out,2026-02-07,15:32,BV18DFWziEqW,https://www.bilibili.com/video/BV18DFWziEqW/,一探川大学子联合写下83页举报信，他们争取到的光明也会照耀到你！,,,
out,2026-02-07,86:53,BV1HwFpznE2J,https://www.bilibili.com/video/BV1HwFpznE2J/,不仅你不知道，导师想要的是啥，你导师自己也不知道，20260202,,,
out,2026-02-06,20:31,BV135FzzjEfV,https://www.bilibili.com/video/BV135FzzjEfV/,26年中央一号文件，再次提到持续整治农村高额彩礼。彩礼高还骗婚，是我不想结婚，还是不能不敢,,,
out,2026-02-02,36:42,BV1F6FTzuEsa,https://www.bilibili.com/video/BV1F6FTzuEsa/,博士准备自爆，对长江学者绝地反击，20260130,,,
out,2026-01-30,58:37,BV1tZ6iBDEeJ,https://www.bilibili.com/video/BV1tZ6iBDEeJ/,导师push错了，你软弱无能就没错吗？20260126,,,
core,2026-01-29,14:42,BV1Ht6wBVES1,https://www.bilibili.com/video/BV1Ht6wBVES1/,当你开始仅论文论，一年百篇不是梦！,仅论文论,,论文
out,2026-01-26,43:45,BV1eGzeBSEMQ,https://www.bilibili.com/video/BV1eGzeBSEMQ/,大学是读书育人，不是培养吸血导师，20260123,,,
out,2026-01-23,54:01,BV13dzuB5EKM,https://www.bilibili.com/video/BV13dzuB5EKM/,无良导师们，资本家都没有你们剥削，20260119,,,
background,2026-01-19,34:13,BV1bFkMBCE1T,https://www.bilibili.com/video/BV1bFkMBCE1T/,写完论文就可以实习？你还是太天真，越能干越要榨你，20260116,,,论文
out,2026-01-16,53:08,BV1gSr6BiEbt,https://www.bilibili.com/video/BV1gSr6BiEbt/,研究生的很多问题，仅仅只是一念之差，20260112,,,
out,2026-01-12,62:40,BV1S7rYB5Ey4,https://www.bilibili.com/video/BV1S7rYB5Ey4/,为什么有些导师喜欢，说难听的话攻击研究生，20260109,,,
out,2026-01-11,03:48,BV1pN6ZBiEqg,https://www.bilibili.com/video/BV1pN6ZBiEqg/,马上破百万粉丝，正式介绍下自己！一起助力百万粉丝,,,
out,2026-01-10,03:50,BV1jxrwBBECE,https://www.bilibili.com/video/BV1jxrwBBECE/,硕士就业向下兼容，为何依然建议考研！,,,
out,2026-01-09,59:23,BV1j6rMBpEu5,https://www.bilibili.com/video/BV1j6rMBpEu5/,研究生们，答案就在眼前，你到底在怕什么？202601015,,,
out,2026-01-07,11:46,BV1qwi1BLErn,https://www.bilibili.com/video/BV1qwi1BLErn/,一定要保护好自己：不要嘴巴巴拉巴拉，多搜集证据,,,
out,2026-01-05,55:45,BV1ZUi4BcED1,https://www.bilibili.com/video/BV1ZUi4BcED1/,过来看看研究生，都被调教成啥样了，20260102,,,
out,2026-01-03,74:26,BV1EsiqBtET6,https://www.bilibili.com/video/BV1EsiqBtET6/,和你导师讲道理有用，你至于讲三年吗？20261229,,,
out,2025-12-30,07:12,BV1tbvaB4ErS,https://www.bilibili.com/video/BV1tbvaB4ErS/,一度怀疑，姓名身份证填错了，系统查无此人，当初才没机会笔试,,,
out,2025-12-29,87:23,BV1WTv4BKE1r,https://www.bilibili.com/video/BV1WTv4BKE1r/,硕士我还劝劝你，博士就劝你退学了，20251222，20251226,,,
out,2025-12-27,06:43,BV1kCBaBoEm4,https://www.bilibili.com/video/BV1kCBaBoEm4/,为什么考公考编，不进企业不读(赌)博,,,
core,2025-12-26,06:57,BV1FKBXBCE84,https://www.bilibili.com/video/BV1FKBXBCE84/,仅想快速毕业，如何高效阅读论文,读论文,,论文
out,2025-12-23,21:36,BV1ztBMBSEM6,https://www.bilibili.com/video/BV1ztBMBSEM6/,网传浙大硕士跳水轻生，可以放弃手中一切，请别放弃生命！！！,,,
background,2025-12-22,49:41,BV1EJBsBcEAz,https://www.bilibili.com/video/BV1EJBsBcEAz/,读研唯一真理，身体比论文更重要！！！20251219,,,论文
out,2025-12-19,72:32,BV1tYqZBiEE3,https://www.bilibili.com/video/BV1tYqZBiEE3/,研究生考上了就读，考不上不读也就那样，读研谈不到逆天改命，20251215，,,,
support,2025-12-17,08:32,BV1Fuq5BPEye,https://www.bilibili.com/video/BV1Fuq5BPEye/,我必须发顶刊，你咋不当院士，给我点背景，当代研究生该硬硬,,顶刊,
out,2025-12-16,15:48,BV1HZqaBWEQM,https://www.bilibili.com/video/BV1HZqaBWEQM/,错的从不是考上研的你，你很努力了。希望能给予研究生力量，精神鼓舞，我们一起加油！,,,
out,2025-12-15,49:17,BV131qsBJESH,https://www.bilibili.com/video/BV131qsBJESH/,很多研究生，身在福中不知福，20251212,,,
out,2025-12-14,90:09,BV16LmzBaEUv,https://www.bilibili.com/video/BV16LmzBaEUv/,90分钟讲完了，听多少是你的事，纯干货无广，错过就错过了！,,,
out,2025-12-12,61:15,BV1D3mmBTE2m,https://www.bilibili.com/video/BV1D3mmBTE2m/,你导师无德无能，还能是专家教授，为什么呀，为什么呀？20251208,,,
background,2025-12-08,15:19,BV1K22yBXEUZ,https://www.bilibili.com/video/BV1K22yBXEUZ/,26岁，任浙江大学博导，学术圈欣欣向荣！！！,,,学术
out,2025-12-08,53:16,BV1PK2kBGEbh,https://www.bilibili.com/video/BV1PK2kBGEbh/,别看封面了，说的就是视频外的你！20251205,,,
out,2025-12-05,59:08,BV1BG27BcEot,https://www.bilibili.com/video/BV1BG27BcEot/,都难，都难，现在都难，但希望大家仍能积极乐观走下去，20251201,,,
background,2025-12-04,03:48,BV1nJ2vBJEvA,https://www.bilibili.com/video/BV1nJ2vBJEvA/,吸毒记录封存，人均违法，那人均学术不端还远不远？笑死我了，我身边真没那么多违法的,,,学术不端;学术
out,2025-12-02,07:55,BV1nMS4BiEfV,https://www.bilibili.com/video/BV1nMS4BiEfV/,吸毒记录可以封存，我第一学历双非就“该死”？可我专升本，第一学历不仅陪伴终身，还真被那些企业单位歧视呀，我要哭出来了。,,,
out,2025-12-01,55:26,BV1SwSyBYEQF,https://www.bilibili.com/video/BV1SwSyBYEQF/,不要相信导师画的任何饼，一定要为自己多做打算，20251128,,,
background,2025-11-28,49:22,BV1C8SEBEE7W,https://www.bilibili.com/video/BV1C8SEBEE7W/,好想邦邦两拳，这群靠学术不端，毕业的研究生，严厉抵制学术不端，严厉打击学术不端！20251124,,,学术不端;学术
out,2025-11-27,12:23,BV1xQSgBwEhC,https://www.bilibili.com/video/BV1xQSgBwEhC/,人生唯一准则，对自己好一点，尤其是男人们，女人其实也是如此,,,
out,2025-11-25,22:41,BV1snU9BEEZK,https://www.bilibili.com/video/BV1snU9BEEZK/,19届疫情开始入学23届顶峰考研26届巅峰考公，错的不是你们，每一代人有每一代人的宿命和历史使命,,,
out,2025-11-24,24:11,BV1QGUGBkEth,https://www.bilibili.com/video/BV1QGUGBkEth/,“书呆子，老实人”，此刻已经具体化，20251121,,,
background,2025-11-23,09:14,BV1NeUNBLEEF,https://www.bilibili.com/video/BV1NeUNBLEEF/,学术不端的风险有多小，高中学历也能成为首席科学家,,,学术不端;学术
out,2025-11-21,30:54,BV12UULBCEk1,https://www.bilibili.com/video/BV12UULBCEk1/,研究生，答案就在眼前，你视而不见？20251117,,,
out,2025-11-20,39:02,BV1uSyPBrEXw,https://www.bilibili.com/video/BV1uSyPBrEXw/,不能成为江苏科大首席科学家只有老实人，有的郭伟是真高中，有的“郭伟”是假高中，“郭伟”怎么能发现谁是郭伟，20251114,,,
background,2025-11-19,13:12,BV113ypBJE2a,https://www.bilibili.com/video/BV113ypBJE2a/,“没硕仍导”事件删了重新上传！！！百错仍硕不是终点，江苏科技大学首席科学家爆雷，学术圈超级大瓜，天塌了,,,学术
out,2025-11-16,11:18,BV1E3C9BoEJG,https://www.bilibili.com/video/BV1E3C9BoEJG/,这样做就完蛋，那样做就成功，妥妥的毒鸡汤,,,
out,2025-11-15,14:21,BV1W3C5BWETC,https://www.bilibili.com/video/BV1W3C5BWETC/,想读博怎么办，该做什么准备？20251110(2)，,,,
out,2025-11-14,19:36,BV1UGCuB7Ege,https://www.bilibili.com/video/BV1UGCuB7Ege/,导师没能力还压榨，告教育厅都没用，水导给你撑腰，20251110(1),,,
background,2025-11-10,26:23,BV1haCcBaEjW,https://www.bilibili.com/video/BV1haCcBaEjW/,你那没本事导师是教授，教授作为学术圈的大拿，你还不懂学术圈？20251107，,,,学术
out,2025-11-07,35:27,BV1Dv2gBwESJ,https://www.bilibili.com/video/BV1Dv2gBwESJ/,你读研委婉有用，哈巴狗一样有用，你就不至于这下场，20251103，,,,
out,2025-11-06,19:13,BV1Z22wBQEmL,https://www.bilibili.com/video/BV1Z22wBQEmL/,AI字幕都分不清“读博”和“赌博”，你都敢读博？不要赌博，不要读博,,,
out,2025-11-04,04:12,BV1Ka1EBVE5F,https://www.bilibili.com/video/BV1Ka1EBVE5F/,加油！！！考研，考公考编，在读研的同学们,,,
out,2025-11-03,16:02,BV1YT1vBeEw4,https://www.bilibili.com/video/BV1YT1vBeEw4/,想读博的话很简单，让导师疯狂压榨你就行了，20251031，,,,
out,2025-11-03,12:02,BV16K1aBBEQ6,https://www.bilibili.com/video/BV16K1aBBEQ6/,拼命努力的代价是健康，但能换来你想要的吗？又真值得吗？？？,,,
out,2025-10-31,36:11,BV1xh1TB5EGs,https://www.bilibili.com/video/BV1xh1TB5EGs/,有没有一种可能，你导师也是啥也不懂？20251027，,,,
out,2025-10-29,04:34,BV1BmyWBCExP,https://www.bilibili.com/video/BV1BmyWBCExP/,当前的就业环境，我也不知道该说啥,,,
background,2025-10-28,28:02,BV1BsyCBwEsT,https://www.bilibili.com/video/BV1BsyCBwEsT/,不要用你的学术道德，衡量学术圈的学术道德，20251024(2),,,学术
out,2025-10-27,10:24,BV1zdsmz2E86,https://www.bilibili.com/video/BV1zdsmz2E86/,延毕只有老实人，说的就是这类人，20251024(1)，,,,
out,2025-10-24,18:59,BV16AsnzMEtV,https://www.bilibili.com/video/BV16AsnzMEtV/,摇摆不定的时候，就选择考公考编，不读博不进厂，20251020，,,,
out,2025-10-21,16:04,BV15PW9zXEoe,https://www.bilibili.com/video/BV15PW9zXEoe/,分享下我211进大厂的经验吧，211毕业当主播有点浪费了,,,
out,2025-10-20,33:42,BV1QiW1zZEyN,https://www.bilibili.com/video/BV1QiW1zZEyN/,研究生们，有些事做就做了，没什么好怕的，20251017,,,
out,2025-10-17,28:01,BV1XyW7zUED2,https://www.bilibili.com/video/BV1XyW7zUED2/,研究生要听劝，能不造航母，就不要造航母，20251013，,,,
out,2025-10-17,01:18,BV1ToW7zrEj1,https://www.bilibili.com/video/BV1ToW7zrEj1/,又是空军的一天，来个沉浸式打窝吧,,,
core,2025-10-16,04:53,BV1evWizBEvd,https://www.bilibili.com/video/BV1evWizBEvd/,水论文保毕业不是学术裁缝上限，顶刊顶会包也适用的,学术裁缝,水论文;顶刊;顶会,论文;学术
out,2025-10-13,30:33,BV1zM42zmEWg,https://www.bilibili.com/video/BV1zM42zmEWg/,严谨做实验的话，很多研究生都毕不了业，20251010，,,,
out,2025-10-11,21:59,BV1Ua4xz6EBS,https://www.bilibili.com/video/BV1Ua4xz6EBS/,当下的研究生，就业选择三心二意，必将竹篮打水一场空，20251003,,,
support,2025-10-09,05:47,BV1jvxEzaECD,https://www.bilibili.com/video/BV1jvxEzaECD/,手把手带你给论文，选择合适的期刊，再带你走通投稿流程,,期刊;投稿,论文
out,2025-10-03,21:51,BV17gHVzzE5W,https://www.bilibili.com/video/BV17gHVzzE5W/,研究生第一课，对导师祛魅，对研究生祛魅，20250929，,,,
out,2025-09-29,36:40,BV1fmnzzLEHE,https://www.bilibili.com/video/BV1fmnzzLEHE/,焦虑不可避免，逃避也不是不行，但苦熬才是硬道理，20250926，,,,
background,2025-09-26,45:37,BV1b5ngzjEbN,https://www.bilibili.com/video/BV1b5ngzjEbN/,学术圈怪象，看起来不可取，似乎确实不影响录用，20250922，,,,学术
background,2025-09-25,03:16,BV1wxnhzbEiz,https://www.bilibili.com/video/BV1wxnhzbEiz/,一区论文中地图错误，“四川”来南方“重庆（Chon gqqig）”跑东北，惊现低级错误,,,论文
out,2025-09-24,17:31,BV1JCJ9zHEd5,https://www.bilibili.com/video/BV1JCJ9zHEd5/,参考文献不是多就行了，每一条都是有其意义的，018,,,
background,2025-09-22,32:24,BV1zjnFzPEMm,https://www.bilibili.com/video/BV1zjnFzPEMm/,双非研究生，要那么高的学术道德干嘛，武大杨某媛学位还在呢，20250915，,,,学术
background,2025-09-20,24:02,BV1iLp9zHEEy,https://www.bilibili.com/video/BV1iLp9zHEEy/,百错仍硕！！！学术圈很多审稿专家，真需要回炉重造了，最后一探武大杨某媛论文，武大通报图书馆事件调查复核情况,,,论文;学术
out,2025-09-18,04:04,BV1T6pvzpEEx,https://www.bilibili.com/video/BV1T6pvzpEEx/,研究生路过不看，包后悔的一期视频,,,
out,2025-09-15,17:37,BV1vupBzgExk,https://www.bilibili.com/video/BV1vupBzgExk/,人生起起伏伏，胆大心细稳中求胜，20250912,,,
out,2025-09-13,24:44,BV1cHpEzhEHH,https://www.bilibili.com/video/BV1cHpEzhEHH/,人生熬一熬，不要和自己较劲，哪有过不去的坎呀！,,,
out,2025-09-12,24:01,BV1CgHkzwEXX,https://www.bilibili.com/video/BV1CgHkzwEXX/,研究生唯一也只需要认的仅有，《研究生培养计划》，20250908，,,,
support,2025-09-11,14:48,BV1NoHvzmETH,https://www.bilibili.com/video/BV1NoHvzmETH/,论文这么简单，为啥你看不懂，为啥你写不来？论文摘要和总结怎么写，017，,,论文摘要,论文
background,2025-09-11,04:17,BV1JJH9zREW5,https://www.bilibili.com/video/BV1JJH9zREW5/,十一探，知网深夜上架武大杨某媛论文，硕士学位论文是什么东西？我不知道呀，我不懂呀，我母鸡呀！！！,,,论文
background,2025-09-10,10:47,BV114HXzcErP,https://www.bilibili.com/video/BV114HXzcErP/,十探武大杨某媛论文，终于从知网下架了，期待下一个处理结果,,,论文
out,2025-09-09,08:05,BV1BAHCzdEFE,https://www.bilibili.com/video/BV1BAHCzdEFE/,武汉大学调查迟迟未出结果，清华大学博导“不差不水”，不就是最好的答案吗？,,,
out,2025-09-09,00:06,BV1nZHkzFEyc,https://www.bilibili.com/video/BV1nZHkzFEyc/,多拍照片多保存的意义，往回翻一翻看一看，人生还是很美好的，哈哈哈,,,
background,2025-09-08,12:46,BV1u9aZz5EPu,https://www.bilibili.com/video/BV1u9aZz5EPu/,杨某论文挂着，清华大学博导“不差不水”，你还在怕什么？？？20250905，,,,论文
support,2025-09-06,41:44,BV1rAYKznEcK,https://www.bilibili.com/video/BV1rAYKznEcK/,研三的同学们，大论文要开始动笔了，就业更要时刻盯着，20250901，,,大论文,论文
out,2025-09-05,15:33,BV1Mqa4zREJt,https://www.bilibili.com/video/BV1Mqa4zREJt/,九探武大：我双手插兜，不知什么叫对手。清华大学：我略微出手。,,,
background,2025-09-04,25:48,BV1dKaDzAEMC,https://www.bilibili.com/video/BV1dKaDzAEMC/,八探武大杨某论文，武大开学了，部分视频开始被退回锁定,,,论文
background,2025-09-03,22:36,BV1HeazzLEV2,https://www.bilibili.com/video/BV1HeazzLEV2/,论文能录用就行，而不是你觉得，你做的内容合理才行，引言该如何写，016，,,,论文
out,2025-09-02,37:45,BV1xYaFzkE4P,https://www.bilibili.com/video/BV1xYaFzkE4P/,答案就在你眼前，你告诉我答案错了？？？？20250825和20250829,,,
out,2025-08-28,02:27,BV1HnhmzAE7T,https://www.bilibili.com/video/BV1HnhmzAE7T/,钓鱼精彩瞬间，这漂好大！！！,,,
out,2025-08-25,18:52,BV1C5eRzcEUG,https://www.bilibili.com/video/BV1C5eRzcEUG/,压迫你的人错了，但研究生你，懦弱就是对的吗，20250822,,,
out,2025-08-23,35:23,BV18Ve6zvEBT,https://www.bilibili.com/video/BV18Ve6zvEBT/,研究生你的实验结果，只有你自己在乎，其他人都不关心，20250818，,,,
background,2025-08-18,16:30,BV1sXYxzUENt,https://www.bilibili.com/video/BV1sXYxzUENt/,学术圈必知必会，没上秤4两重，上秤千斤打不住，20250815,,,学术
out,2025-08-18,00:37,BV1XfY4zYEPg,https://www.bilibili.com/video/BV1XfY4zYEPg/,人要服老，但也要老骥伏枥。刚开始想做什么，不要纠结这姿势对不对，那方法对不对，力竭就对了，路一定是一步一步走出来的，而不是想的周全出来的。想想要不要弄个运动…,,,
out,2025-08-15,17:26,BV1GcbxzSEMS,https://www.bilibili.com/video/BV1GcbxzSEMS/,研究生不仅要谈恋爱，还要大胆谈恋爱，幸福快乐才是标准，20250811，,,,
out,2025-08-14,26:41,BV1JhbzziERP,https://www.bilibili.com/video/BV1JhbzziERP/,准研一研二研三，分别如何规划下一学年，方向大于努力,,,
core,2025-08-13,17:50,BV1mxbezeEhV,https://www.bilibili.com/video/BV1mxbezeEhV/,论文不就是，模仿、抄和降重吗，真不知道有啥难度，相关工作，015,相关工作,,降重;论文
out,2025-08-11,28:23,BV1N5b5z3Emj,https://www.bilibili.com/video/BV1N5b5z3Emj/,“研究生”也许，是一种磨炼，而不是……20250808，,,,
out,2025-08-08,29:49,BV1Q8t1zqEsP,https://www.bilibili.com/video/BV1Q8t1zqEsP/,20250804，人生不过3万天，研究生涯也就1000天，做人做事开心自由就好,,,
background,2025-08-05,32:23,BV1TatEzHE3B,https://www.bilibili.com/video/BV1TatEzHE3B/,武大杨某媛就是实例，靠科研道德感很低去读博，是非常不可取的行为，20250728，,,,科研
background,2025-08-04,30:05,BV1H1tuzDEyA,https://www.bilibili.com/video/BV1H1tuzDEyA/,五探武大杨某媛硕士论文，101-87=13，从模型的基本设定和实证策略出发，真心希望这是最后一探，武大图书馆污蔑事件,,,论文
background,2025-08-01,21:07,BV1gehnzzENA,https://www.bilibili.com/video/BV1gehnzzENA/,四探武大“数学大师”杨某媛硕士论文，0.534=0.54，5.4-3.2=2.1，0.01%=1:1000，103亿下降到103亿，武大图书馆污蔑事件，诚挚道歉,,,论文
background,2025-07-31,28:13,BV1y68yzZEHi,https://www.bilibili.com/video/BV1y68yzZEHi/,三探武大杨某媛“垃圾”硕士论文，武汉大学别装死了，早日把它下架息事宁人，武大图书馆污蔑事件,,,论文
out,2025-07-30,00:23,BV1jMhAzYEDC,https://www.bilibili.com/video/BV1jMhAzYEDC/,这样子看一时半会是回不了家了，只能来这里敲我的门了[口罩],,,
background,2025-07-30,23:37,BV1jShAzvEvB,https://www.bilibili.com/video/BV1jShAzvEvB/,二探武大杨某媛硕士论文，惊现2.1+3.2=5.4，本视频仅抱着学习借鉴的态度，武汉大学图书馆污蔑事件,,,论文
background,2025-07-29,30:49,BV1Hn8XzyEKm,https://www.bilibili.com/video/BV1Hn8XzyEKm/,你到底在怕什么，武汉大学硕士论文，都开始惊现0.01%=千分之一，20250725，,,,论文
background,2025-07-29,12:10,BV14g8XzHEPV,https://www.bilibili.com/video/BV14g8XzHEPV/,武大杨某媛硕士论文，惊现《离婚法》，惊现0.01%=千分之一，我也想去武汉大学读研，武大图书馆污蔑事件,,,论文
background,2025-07-27,44:10,BV1U88gzqENC,https://www.bilibili.com/video/BV1U88gzqENC/,论文不就是，模仿、抄和降重吗，真不知道有啥难度，实验就是客观陈述，014,,,降重;论文
support,2025-07-26,29:00,BV1fk8bz3EyW,https://www.bilibili.com/video/BV1fk8bz3EyW/,读研一定要明确，你是来认真搞科研，还是水论文保毕业，20250721，,,水论文,论文;科研
background,2025-07-23,13:23,BV12J8wzGEpn,https://www.bilibili.com/video/BV12J8wzGEpn/,老登，那么多的论文，你非要盯着你的老学生不放吗？,,,论文
out,2025-07-22,14:16,BV1vZgnz8Ezy,https://www.bilibili.com/video/BV1vZgnz8Ezy/,研0就想开始努力，你是不准备要命了吗？？？在读研究生来劝劝，20250718,,,
out,2025-07-19,41:43,BV1J1udzaEw3,https://www.bilibili.com/video/BV1J1udzaEw3/,研究生解忧杂货店，我讲的很爽，你听的也爽，20250714，,,,
out,2025-07-14,17:51,BV1RNu6zCE5f,https://www.bilibili.com/video/BV1RNu6zCE5f/,研究生培养计划，才是你的要求，课题组要求纯当放屁，20250711,,,
out,2025-07-13,13:59,BV18DuPzTEjz,https://www.bilibili.com/video/BV18DuPzTEjz/,本科遍地走的年代，一个双非你到底还在指望什么呢？,,,
out,2025-07-12,27:24,BV1kPM9zZEBe,https://www.bilibili.com/video/BV1kPM9zZEBe/,每年发文量10000篇，每篇Sota涨点1%，不应该早就到100%了吗，20250710，,,,
out,2025-07-07,22:15,BV1BW32zkEoy,https://www.bilibili.com/video/BV1BW32zkEoy/,延毕只有老实人，只是种现象而不是规律，因此绝不干涉你的选择，20250704，,,,
background,2025-07-04,33:44,BV1xc3JzCE88,https://www.bilibili.com/video/BV1xc3JzCE88/,PUA和PUSH的导师，研究生遇到能跑就跑，论文很多时候真没用，20250630，,,,论文
core,2025-07-02,28:52,BV1ut34zuEfS,https://www.bilibili.com/video/BV1ut34zuEfS/,学术裁缝的话，论文方法部分如何写作，013,学术裁缝;方法部分如何写作,,论文;学术
out,2025-06-30,50:38,BV1wxgyz6Eon,https://www.bilibili.com/video/BV1wxgyz6Eon/,研究生们，当你硬起来的时候，就是导师怕你了，20250627，,,,
out,2025-06-29,11:22,BV1cp3AzsETR,https://www.bilibili.com/video/BV1cp3AzsETR/,希望诸位研究生，毕业后事事仍然一帆风顺，永远乐观，喜笑颜开,,,
out,2025-06-27,37:23,BV1zUKzzyEkY,https://www.bilibili.com/video/BV1zUKzzyEkY/,一点心机伎俩都没，你说你读研不难受，谁难受？？？20250623，,,,
core,2025-06-26,54:49,BV1npKfzPEuC,https://www.bilibili.com/video/BV1npKfzPEuC/,当你开始仅论文论，缝论文从未如此简单过，学术裁缝速成入门，012,学术裁缝;缝论文;学术裁缝速成;仅论文论,,论文;学术
out,2025-06-23,30:57,BV14rKazTEn6,https://www.bilibili.com/video/BV14rKazTEn6/,懦夫就一切都忍着，但我更希望你能是个勇士，20250620,,,
core,2025-06-21,32:20,BV1U9N1zrEQW,https://www.bilibili.com/video/BV1U9N1zrEQW/,学术裁缝搜哪些论文，又该如何一篇篇下载并整理,学术裁缝;搜哪些论文,,论文;学术
out,2025-06-20,41:42,BV11QKPzREC1,https://www.bilibili.com/video/BV11QKPzREC1/,领了双证后，电脑蓝屏、手机号码注销、微信不用了都很正常吧，20250616，,,,
background,2025-06-17,05:51,BV1f8NeztEZX,https://www.bilibili.com/video/BV1f8NeztEZX/,5分钟，教你提高论文阅读效率，新时代新方法新工具,,,论文
out,2025-06-16,22:03,BV1vuNbzqEVi,https://www.bilibili.com/video/BV1vuNbzqEVi/,读研就别再单纯了，pua和push都是隐形的，20250613，,,,
out,2025-06-16,04:22,BV1xUMqz9Eo8,https://www.bilibili.com/video/BV1xUMqz9Eo8/,我没日没夜的考，你想方设法的扩，招进来最后你又不管了,,,
background,2025-06-13,39:06,BV1yaMBzWEQ1,https://www.bilibili.com/video/BV1yaMBzWEQ1/,学术圈从不是打打杀杀，而是四字真言，20250609，,,,学术
core,2025-06-11,34:06,BV1rDMHzTEEd,https://www.bilibili.com/video/BV1rDMHzTEEd/,清华联合腾讯的一篇顶会，标准的学术裁缝，做的实验也不过如此，011,学术裁缝,顶会,学术
out,2025-06-10,08:40,BV1YUM3zZE56,https://www.bilibili.com/video/BV1YUM3zZE56/,读研到底，在读什么玩意，一纸文凭吗？,,,
out,2025-06-09,34:38,BV1u2TYz1Ee3,https://www.bilibili.com/video/BV1u2TYz1Ee3/,说一千道一万，还是你不够着急呀，否则轻松超过师兄，20250606,,,
out,2025-06-08,10:21,BV1PvTRzYEZB,https://www.bilibili.com/video/BV1PvTRzYEZB/,研究生无论如何，都要好好工作，努力赚钱，好好生活！,,,
out,2025-06-06,29:26,BV1QqTMzyEMB,https://www.bilibili.com/video/BV1QqTMzyEMB/,研究生毕业之后，不要想太多，电脑蓝屏了，代码没了数据没了，20250602，,,,
core,2025-06-04,47:54,BV13RTjzKEPZ,https://www.bilibili.com/video/BV13RTjzKEPZ/,看完视频只有一个感想：读论文从未如此简单过，010,读论文,,论文
out,2025-06-02,48:14,BV1g77DzREdE,https://www.bilibili.com/video/BV1g77DzREdE/,苦难不可怕，可怕的是面对苦难还楞头直前，20250526(30)，,,,
support,2025-05-28,04:31,BV1i5jqzxEbu,https://www.bilibili.com/video/BV1i5jqzxEbu/,哪个研究生这年头，还自己搜论文去看，自己从0到1写论文呀！,,写论文,论文
support,2025-05-26,40:27,BV1T7j7zXEst,https://www.bilibili.com/video/BV1T7j7zXEst/,大论文盲审过了，别想太多，毕业答辩过了，更不要想太多，20250523,,大论文,论文;答辩
out,2025-05-23,59:11,BV1KWjJz4Ecx,https://www.bilibili.com/video/BV1KWjJz4Ecx/,致力于不讲空话套话，只讲实话，回答好每一个研究生提出的问题，20250519，,,,
core,2025-05-21,17:46,BV12WJ6zoEa6,https://www.bilibili.com/video/BV12WJ6zoEa6/,如何读论文进而水论文，成为优秀的学术裁缝，完结撒花，009,学术裁缝;读论文,水论文,论文;学术
out,2025-05-19,10:54,BV16MEQzCEW4,https://www.bilibili.com/video/BV16MEQzCEW4/,教育部明确规定，导师不能无故延毕学生，你怕个嘚呀,,,
background,2025-05-17,25:13,BV1WKJNzpECW,https://www.bilibili.com/video/BV1WKJNzpECW/,人人论文都说自己是Sota，到底什么是Sota，008,,,论文
out,2025-05-16,41:22,BV1KEE8ztEkL,https://www.bilibili.com/video/BV1KEE8ztEkL/,为什么你们这群研究生，动不动就想换导师，动不动就想退学呀，20250512，,,,
background,2025-05-16,07:50,BV1zWExzqEv5,https://www.bilibili.com/video/BV1zWExzqEv5/,衷心祝愿学术圈越来越好，学术常青，没其他意思,,,学术
core,2025-05-13,19:52,BV1W5EAzLErh,https://www.bilibili.com/video/BV1W5EAzLErh/,学术裁缝新人看完这期，至此已成艺术，论文方法章节怎么阅读，007,学术裁缝;方法章节,,论文;学术
core,2025-05-12,43:29,BV1inEJzLEcG,https://www.bilibili.com/video/BV1inEJzLEcG/,不做实验的学术裁缝是不端，做实验的学术裁缝是基操，20250507，,学术裁缝,,学术
out,2025-05-07,47:00,BV1sfVbzkEWp,https://www.bilibili.com/video/BV1sfVbzkEWp/,不识研究生真面目，只缘身在此山中，前提你得是个研究生，20250504，,,,
out,2025-05-06,00:34,BV1D7V2zeEu9,https://www.bilibili.com/video/BV1D7V2zeEu9/,秒切3下子线，终于上岸了一条小大草鱼，现在真的是干啥都卷，这钓鱼佬们都卷出天际了,,,
core,2025-05-05,27:10,BV16KVzzfEPh,https://www.bilibili.com/video/BV16KVzzfEPh/,学术裁缝不仅可以缝模块，还有一种新颖的水论文工作量的方法，006，,学术裁缝,水论文;工作量,论文;学术
core,2025-05-04,06:57,BV1B1VAzxELR,https://www.bilibili.com/video/BV1B1VAzxELR/,学术裁缝虽好用，但不兴搬到台面上来讲呀！小不忍则乱大谋,学术裁缝,,学术
out,2025-05-04,23:30,BV1AQVwzYERD,https://www.bilibili.com/video/BV1AQVwzYERD/,研究生最好的状态，就是不会再有人提问，不会再有人关注我，20250430,,,
core,2025-05-03,22:54,BV1rPGdz3E2V,https://www.bilibili.com/video/BV1rPGdz3E2V/,看论文咬文嚼字？谁爱搞科研谁搞去，我就搞学术裁缝！！！005，相关工作,学术裁缝;相关工作,,论文;学术;科研
background,2025-05-02,10:12,BV1TMVLzgETx,https://www.bilibili.com/video/BV1TMVLzgETx/,医学博士4+4，做法、流程、论文都合法合规，请问我亲爱的董小姐哪里错了？等结果,,,论文
out,2025-04-30,41:50,BV1EwGbzZEM7,https://www.bilibili.com/video/BV1EwGbzZEM7/,你们不延毕谁延毕，都给我延毕，都得选择延毕，20250427,,,
out,2025-04-27,25:06,BV1U8jAz7E71,https://www.bilibili.com/video/BV1U8jAz7E71/,研究生们，理论上是这样，实际上很有可能是那样的，20250423,,,
background,2025-04-24,41:32,BV1RCL3z2ETV,https://www.bilibili.com/video/BV1RCL3z2ETV/,瞅瞅，就你这个研究生聪明着呢，就你在搞科研，可你行吗？20250420，,,,科研
background,2025-04-22,31:03,BV1vM5XzZEw5,https://www.bilibili.com/video/BV1vM5XzZEw5/,学术圈不是草台班子是什么，回答我？中科院博士论文结果列错位，中科院硕士论文直接英译中，20250416(2),,,论文;学术
out,2025-04-20,35:52,BV1w3LAzqEZe,https://www.bilibili.com/video/BV1w3LAzqEZe/,你和导师的冲突，研究和就业方向的冲突，要对导师祛魅，要对研究生学位祛魅，20250416(1),,,
support,2025-04-18,25:37,BV1zB5EzgED4,https://www.bilibili.com/video/BV1zB5EzgED4/,看论文咬文嚼字？谁爱搞科研谁搞去，我不搞！！！003,,,论文;科研
background,2025-04-17,16:24,BV1F15ezDEPR,https://www.bilibili.com/video/BV1F15ezDEPR/,有人能3个月发10篇论文，但更有人3个月1篇都难，甚至3年都难，学术圈何不食肉糜,,,论文;学术
out,2025-04-16,38:27,BV1SboNYmEdo,https://www.bilibili.com/video/BV1SboNYmEdo/,导师严令不给放暑假，自己又不想打黑工怎么办，20250413，,,,
out,2025-04-15,12:38,BV1a9dfYTERN,https://www.bilibili.com/video/BV1a9dfYTERN/,我哭了，极其相似的结语，日本作者用了37页得出，你却用了7页，参考文献差近80篇,,,
background,2025-04-13,46:18,BV1dSdBYEEvw,https://www.bilibili.com/video/BV1dSdBYEEvw/,老实人活该？学术从不是打打杀杀，而是人情世故？让人头疼，20250409，,,,学术
background,2025-04-11,07:53,BV1Ghd2YeEK8,https://www.bilibili.com/video/BV1Ghd2YeEK8/,有什么启发最重要，华南师范副校长学术抄袭不重要,,,学术
background,2025-04-10,20:14,BV1eDdLYJEBM,https://www.bilibili.com/video/BV1eDdLYJEBM/,不搞科研看论文，咬文嚼字是大忌讳，分清楚部分再看会很简单，003,,,论文;科研
out,2025-04-09,32:41,BV1DRdwYuEyc,https://www.bilibili.com/video/BV1DRdwYuEyc/,撒泼打滚，哪一个不比讲道理有用，一哭二闹三上吊，20250406,,,
out,2025-04-06,25:35,BV1dpR6YQEkz,https://www.bilibili.com/video/BV1dpR6YQEkz/,研究生们，我知道你们很累，但是我们还是需要坚持坚持，20250402，,,,
support,2025-04-04,09:47,BV1ooZoYVEeX,https://www.bilibili.com/video/BV1ooZoYVEeX/,仅适用于仅想水一篇论文保毕业的研究生，不适合正儿八经搞科研的，002,,,论文;科研
core,2025-04-03,11:25,BV1UZZUY6E6X,https://www.bilibili.com/video/BV1UZZUY6E6X/,你看的论文我看的论文不一样，学术裁缝要看哪类论文，001,学术裁缝,,论文;学术
background,2025-04-02,32:52,BV19AfTYcEuW,https://www.bilibili.com/video/BV19AfTYcEuW/,学术圈，真真假假，假假真真，你以为的真也许……，20250330,,,学术
out,2025-04-01,04:42,BV12bZ8YmE72,https://www.bilibili.com/video/BV12bZ8YmE72/,欢迎各位研究生来留言，有什么想听的，想要我未来录制的，畅所欲言,,,
out,2025-03-30,43:35,BV1x8ZrY2Ep5,https://www.bilibili.com/video/BV1x8ZrY2Ep5/,哪有小孩天天哭，哪有人生天天输，苦熬终能见光明，20250326,,,
out,2025-03-29,33:07,BV1eAZAYDEkf,https://www.bilibili.com/video/BV1eAZAYDEkf/,有些事不上称没有四两重，可要上了称，一千斤也打不住，20250323(2),,,
out,2025-03-28,29:40,BV1A9oRYyEvm,https://www.bilibili.com/video/BV1A9oRYyEvm/,研究生誓死不做软柿子：这怎么就不行了？20250323(1),,,
out,2025-03-25,11:20,BV1Qho8YpELr,https://www.bilibili.com/video/BV1Qho8YpELr/,研究生不再迷茫，你从不是孤岛，导师都一个样,,,
out,2025-03-23,57:11,BV1GiX8YLEhs,https://www.bilibili.com/video/BV1GiX8YLEhs/,很多研究生，真的唯有“活该”二字，20250319,,,
support,2025-03-21,19:03,BV1xhXkYTERF,https://www.bilibili.com/video/BV1xhXkYTERF/,助力大论文盲审最后一步，剖析大论文盲审细则表,,大论文,论文
background,2025-03-20,39:52,BV1hLXKYrEGT,https://www.bilibili.com/video/BV1hLXKYrEGT/,你自己啥都懂，唯独你导师不清楚学术圈是什么德行？20250316,,,学术
background,2025-03-17,32:00,BV1dxXTYXEkd,https://www.bilibili.com/video/BV1dxXTYXEkd/,前有复旦博士后学术抄袭，后有复旦博士轻生，很多时候真的要想开点，20250312(2),,,学术
out,2025-03-16,53:41,BV1kSQhYhE7q,https://www.bilibili.com/video/BV1kSQhYhE7q/,硕士毕业对我们很难，但对于他人可不一定，江湖不是打打杀杀，世界也就是草台班子，20250312(1),,,
background,2025-03-15,14:25,BV1erQDYBEvU,https://www.bilibili.com/video/BV1erQDYBEvU/,假如学术有315，学术不端的方法和论文会遍野吗？学术圈又可能会有315吗？？？,,,学术不端;论文;学术
background,2025-03-13,44:10,BV17XQPYyEwz,https://www.bilibili.com/video/BV17XQPYyEwz/,双非扩招研究生，没实习没论文，就不能找到好工作，就是社会败类吗，20250309(2),,,论文
background,2025-03-12,54:56,BV1tNQWYEEsK,https://www.bilibili.com/video/BV1tNQWYEEsK/,读研的意义从不为了赚大钱，科研向来是严谨的，学术不是，学术圈更加不是，20250309(1),,,学术;科研
out,2025-03-11,41:39,BV1GnQLYKEWd,https://www.bilibili.com/video/BV1GnQLYKEWd/,3月11日了，你除了这样做还有其他选择吗？既然没有，那就延毕呗，20250305(2),,,
out,2025-03-09,53:53,BV1obRYYeEBq,https://www.bilibili.com/video/BV1obRYYeEBq/,读研千万不要傻到重度抑郁，更不要轻生，教育的目的是培养人才，而不是棺材，20250305(1)，,,,
support,2025-03-07,11:00,BV1bn92YWEy1,https://www.bilibili.com/video/BV1bn92YWEy1/,复旦大学博后，四篇硕论一字不漏的抄，发表成四篇顶刊，一些小启发吧！,,顶刊,
out,2025-03-06,60:21,BV1mERNYqEwa,https://www.bilibili.com/video/BV1mERNYqEwa/,对导师祛魅，对导师祛魅，对导师祛魅！！！20250302(2),,,
background,2025-03-05,66:01,BV1LK9ZYYErM,https://www.bilibili.com/video/BV1LK9ZYYErM/,学术圈典中典，为什么你的实验还是不行，因为你还不够着急，20250302(1)，,,,学术
background,2025-03-02,58:41,BV1j598YWEEN,https://www.bilibili.com/video/BV1j598YWEEN/,如果不开源等于造假，请问数据美化造假，被发现的概率多大，20250226,,,造假
out,2025-03-01,46:15,BV1ftXRYoEzJ,https://www.bilibili.com/video/BV1ftXRYoEzJ/,研究生们，不要造航母，不要造航母，不要造航母，20250223(3)，,,,
out,2025-02-28,39:15,BV18R9gYsE55,https://www.bilibili.com/video/BV18R9gYsE55/,研究生七字真言，识时务者为俊杰，延毕只有老实人，20250223(2)，,,,
background,2025-02-27,47:37,BV1Ff9wYSE1f,https://www.bilibili.com/video/BV1Ff9wYSE1f/,学术不端还是延毕，道德还是良心，研三的同学们给你答案，20250223(1)，,,,学术不端;学术
out,2025-02-26,15:25,BV1iqP7ejErr,https://www.bilibili.com/video/BV1iqP7ejErr/,不正常的听着听着正常了，不合理的感觉合理了，是无奈还是你是软柿子,,,
out,2025-02-23,52:23,BV1WQAUeVEuX,https://www.bilibili.com/video/BV1WQAUeVEuX/,研究生们，人生没什么大不了，横竖不做软柿子，20250219,,,
core,2025-02-21,43:32,BV12xPceUEDn,https://www.bilibili.com/video/BV12xPceUEDn/,研究生们，学术裁缝绝不是学术不端，除非你想学术不端，20250216(2)，,学术裁缝,,学术不端;学术
background,2025-02-19,47:57,BV1anAkegEQX,https://www.bilibili.com/video/BV1anAkegEQX/,好想对导师说，你怎么还在双非，怎么还是副教授，为什么一年发不了几篇论文，20250216(1),,,论文
background,2025-02-16,27:25,BV1CTA5eLEbx,https://www.bilibili.com/video/BV1CTA5eLEbx/,学术造假，会被很轻易地，看出问题吗？20250212,,,造假;学术
background,2025-02-13,44:51,BV16oKWeCEtB,https://www.bilibili.com/video/BV16oKWeCEtB/,科研是很严谨的，但是论文但是学术圈，论文绝不等于科研，20250209(2),,,论文;学术;科研
out,2025-02-12,47:07,BV1zyKLeSEuv,https://www.bilibili.com/video/BV1zyKLeSEuv/,临近毕业，研三的已经开始焦虑了，研一研二吸取经验，20250209(1),,,
out,2025-02-10,48:02,BV1dXNaesEpG,https://www.bilibili.com/video/BV1dXNaesEpG/,【真·研究生组会20250205期】读研没什么技巧，累了就睡，不想干了就不干，拒绝push和pua，,,,
core,2025-02-06,49:00,BV1dzNWewExA,https://www.bilibili.com/video/BV1dzNWewExA/,学术裁缝的核心，不是缝模块，而是编故事，20250126(2),学术裁缝;编故事,,学术
out,2025-02-05,50:15,BV1CRP1eqEeN,https://www.bilibili.com/video/BV1CRP1eqEeN/,研究生们，开心就完事了，坏事做就做了，做了就不要总想着后果，20250126(1),,,
out,2025-01-27,25:19,BV17mfmYpE8J,https://www.bilibili.com/video/BV17mfmYpE8J/,20250122，研究生就算贷款，自费发个oa保毕业，都是明智之举,,,
out,2025-01-24,40:03,BV1TpfpYYEEL,https://www.bilibili.com/video/BV1TpfpYYEEL/,真的有很多研究生在，不要让实验数据影响实验结论吗，20250119(2),,,
background,2025-01-23,50:15,BV1WefVYPEE6,https://www.bilibili.com/video/BV1WefVYPEE6/,学术不端也分三六九等，你是哪一等，20250119(1)，,,,学术不端;学术
out,2025-01-20,14:41,BV1E4wWe8ELP,https://www.bilibili.com/video/BV1E4wWe8ELP/,有序扩大研究生培养规模；推动博士后成为高校教师重要来源……,,,
out,2025-01-19,16:39,BV1zjw6e3Exj,https://www.bilibili.com/video/BV1zjw6e3Exj/,不要让你的结果图，影响你的数据模型和文章结论，20250115,,,
out,2025-01-18,09:13,BV1PnwNeQErt,https://www.bilibili.com/video/BV1PnwNeQErt/,建议当代研究生，要去考公考编，而不是进厂读博,,,
out,2025-01-15,70:40,BV1DFcBenEop,https://www.bilibili.com/video/BV1DFcBenEop/,当代研究生，道德和良心间平衡，导师魔爪下生存，20250112,,,
out,2025-01-13,35:17,BV1UWcUeyEAG,https://www.bilibili.com/video/BV1UWcUeyEAG/,百无一用是书生，惟有读书高，20250108,,,
out,2025-01-11,55:09,BV1smcwekEPQ,https://www.bilibili.com/video/BV1smcwekEPQ/,研究生们，不要自己意淫，而是遇到问题解决问题，20250105(2),,,
out,2025-01-10,46:59,BV1rUcne9E8A,https://www.bilibili.com/video/BV1rUcne9E8A/,很多研究生，说白了就是欠骂，也很该骂，20250105(1),,,
support,2025-01-06,07:20,BV1crrLYxE5Z,https://www.bilibili.com/video/BV1crrLYxE5Z/,每个研究生都要明白的道理，努力推动科研发展，还是水论文保毕业,,水论文,论文;科研
background,2025-01-05,37:53,BV18ArNYrEJj,https://www.bilibili.com/video/BV18ArNYrEJj/,学术圈就是个，巨大的草台班子，要么融入要么早点退出，20250101,,,学术
out,2025-01-03,08:50,BV1or6UY6ET1,https://www.bilibili.com/video/BV1or6UY6ET1/,研究生导师，不给放寒假怎么破,,,
out,2025-01-02,54:40,BV12k6BYFEhz,https://www.bilibili.com/video/BV12k6BYFEhz/,和导师相处全是人情事故，你不敬我我就投诉你，20241229,,,
out,2024-12-31,07:19,BV1bN6HYnES2,https://www.bilibili.com/video/BV1bN6HYnES2/,2024年最后一天，给苦逼的研究生们，来个年终盘点总结，指引前方道路！,,,
support,2024-12-30,34:49,BV1c263YkEce,https://www.bilibili.com/video/BV1c263YkEce/,延毕只有老实人，佛也只渡有缘人，他们如何1个月写出1篇大论文,,大论文,论文
out,2024-12-29,27:04,BV1Wv6aY6Ezn,https://www.bilibili.com/video/BV1Wv6aY6Ezn/,国道限速30码，为什么大家都不踩刹车，一脚油门继续往前冲，延毕只有老实人,,,
support,2024-12-26,43:02,BV19jCrYsEoE,https://www.bilibili.com/video/BV19jCrYsEoE/,水论文1个原则，能用公共数据集，不用私有数据集，20241222,,水论文,论文
background,2024-12-25,57:47,BV1aXCAYjE6Y,https://www.bilibili.com/video/BV1aXCAYjE6Y/,为什么每篇论文，性能都是最优的，都自称是sota，20241222,,,论文
background,2024-12-23,53:41,BV1sxC5YeEUQ,https://www.bilibili.com/video/BV1sxC5YeEUQ/,学术江湖从不是打打杀杀，而是人情世故，识时务者为俊杰，20241218,,,学术
out,2024-12-20,05:08,BV1h4k2YFEgX,https://www.bilibili.com/video/BV1h4k2YFEgX/,没有那场研究生考试就没有今天的我，4年前的我也和大家一样紧张，致每一个考研人,,,
background,2024-12-18,78:17,BV12xrfYsEZZ,https://www.bilibili.com/video/BV12xrfYsEZZ/,学术江湖从不是打打杀杀，而是人情世故，上天会惩罚每一个盲目努力的老实人，20241215,,,学术
out,2024-12-16,21:50,BV1iGkGYrEmA,https://www.bilibili.com/video/BV1iGkGYrEmA/,导师的pua和push不是借口，你的懦弱和软骨头才是问题的源泉！请搜集好实质性证据，请搜集好实质性证据，请搜集好实质性证据！！！,,,
out,2024-12-15,24:31,BV1UMqZYVEGV,https://www.bilibili.com/video/BV1UMqZYVEGV/,一个研三的学生极需解决的问题，20241211期粉丝有问必答,,,
out,2024-12-13,08:49,BV1cCBMYcEBE,https://www.bilibili.com/video/BV1cCBMYcEBE/,检查实验和代码的可操作漏洞太大，给想检查代码的专家教授们提一些建议,,,
out,2024-12-11,53:11,BV1HsqUYrEX9,https://www.bilibili.com/video/BV1HsqUYrEX9/,导师交代的事情不做，实验还做的差，课题组要求达不到，被导师骂怎么办，20241208,,,
out,2024-12-10,14:41,BV1RWq6YuEUG,https://www.bilibili.com/video/BV1RWq6YuEUG/,古人云：十有九人堪白眼，百无—用是书生,,,
support,2024-12-08,41:27,BV1iaqWYfEGq,https://www.bilibili.com/video/BV1iaqWYfEGq/,没数据能发论文吗？没代码能发论文吗？没结果能发论文吗？20241204,,没数据能发论文;没代码能发论文;没结果能发论文,论文
background,2024-12-05,58:49,BV1JLioYdEnv,https://www.bilibili.com/video/BV1JLioYdEnv/,对于研究生，尤其研三的，学术实验莫较真，延毕只有老实人，其他的多说无益，20241201,,,学术
out,2024-12-02,25:46,BV1AS6PYtEJx,https://www.bilibili.com/video/BV1AS6PYtEJx/,研究生跨专业，零基础，学习能力差，只想考公考编怎么办，延毕只有老实人，只，20241127,,,
out,2024-11-29,21:46,BV1NCzrYAEAc,https://www.bilibili.com/video/BV1NCzrYAEAc/,先礼后兵，重拳出击，20分钟讲清楚，研究生和导师相处的诸多问题,,,
out,2024-11-27,43:09,BV1FuBdYfE4F,https://www.bilibili.com/video/BV1FuBdYfE4F/,研究生开组会了，耗时43分钟详细回答14个粉丝提出的问题，20241124,,,
support,2024-11-24,18:42,BV1VYBtYzEBC,https://www.bilibili.com/video/BV1VYBtYzEBC/,研三了，大小论文还是零进展，该怎么办，20241120,,小论文,论文
out,2024-11-21,07:57,BV1USUDYHEcL,https://www.bilibili.com/video/BV1USUDYHEcL/,十几二十年前人们需要的是韧性，如今的人们更需要什么呢？,,,
out,2024-11-20,54:28,BV1xCSTYhE77,https://www.bilibili.com/video/BV1xCSTYhE77/,束缚你的从不是你的起点，而是你自己，但最后束缚你的仍是你自己，20241117,,,
out,2024-11-18,36:44,BV1kdUxY3Ebr,https://www.bilibili.com/video/BV1kdUxY3Ebr/,导师让我造航母我该怎么拒绝（20241113）,,,
background,2024-11-15,10:05,BV1KzmfYMEbM,https://www.bilibili.com/video/BV1KzmfYMEbM/,水导被20多万粉丝的论文辅导机构洗稿，含金量持续上升中，研究生想顺利毕业真不需要找机构的,,,论文
out,2024-11-14,06:22,BV1vgULYwEi7,https://www.bilibili.com/video/BV1vgULYwEi7/,是不是说，我也可以邀请我哥们给我导师来套清华拳呀，应该不会有太大问题吧？？？,,,
support,2024-11-13,35:54,BV1MSUTYYEfw,https://www.bilibili.com/video/BV1MSUTYYEfw/,导师push每天问进度怎么办，感觉科研毫无意义怎么办，没小论文会影响大论文盲审结果吗,,大论文;小论文,论文;科研
out,2024-11-12,14:56,BV17NmaY2Ez2,https://www.bilibili.com/video/BV17NmaY2Ez2/,研究生能有啥想不开的呀，横竖不就那点事！胆大心细，熬个三年也就过去了，但累了就多休息,,,
background,2024-11-10,46:41,BV1UhmiY5EQc,https://www.bilibili.com/video/BV1UhmiY5EQc/,论文不开源代码，是不是造假抄袭也绝无被锤的可能？,,,造假;论文
support,2024-11-07,43:44,BV1VvDQYBErA,https://www.bilibili.com/video/BV1VvDQYBErA/,40分钟长视频，关于小论文的粉丝千问千答，错过后悔一辈子,,小论文,论文
core,2024-11-05,04:25,BV1jQD8Y7Exh,https://www.bilibili.com/video/BV1jQD8Y7Exh/,如何高效学习，高效阅读论文，实现科研上的自由,读论文,,论文;科研
out,2024-11-03,16:06,BV1k1SUYgE73,https://www.bilibili.com/video/BV1k1SUYgE73/,你所努力的真是你需要的吗？寒门出贵子的神话，才能激励年轻人奋斗,,,
background,2024-10-30,46:51,BV1B8SVYeEnT,https://www.bilibili.com/video/BV1B8SVYeEnT/,什么是科研，什么是学术，识时务者为俊杰,,,学术;科研
support,2024-10-26,79:12,BV1Kw1xYqE3n,https://www.bilibili.com/video/BV1Kw1xYqE3n/,80分钟纯干货长视频，小论文粉丝千问千答，研究生错过后悔一辈子（上）,,小论文,论文
out,2024-10-23,14:10,BV1hWyfYBE9C,https://www.bilibili.com/video/BV1hWyfYBE9C/,国考岗位万比一，就业寒冬下，研究生们该如何自救，脱不下的是孔乙己的长衫,,,
core,2024-10-21,43:54,BV1tUy5YkEXe,https://www.bilibili.com/video/BV1tUy5YkEXe/,论文A+B的组合能发新论文吗？顶刊更看重什么？没有导师带怎么发顶刊？,论文A+B;A+B的组合,顶刊,论文
out,2024-10-17,15:08,BV1g3yTYREqF,https://www.bilibili.com/video/BV1g3yTYREqF/,想考公如何和导师沟通，读研以考公为核心目标，三年期间又该如何规划,,,
background,2024-10-15,20:15,BV1ur2oYNEmc,https://www.bilibili.com/video/BV1ur2oYNEmc/,急！！！论文数据优化后，老师同学们质疑该如何应对？,,,论文
background,2024-10-13,12:20,BV1a126YtERS,https://www.bilibili.com/video/BV1a126YtERS/,华中农黄飞若事件最新后续，十篇论文被实锤学术不端。东北雨姐面临“假一赔万”？找机构真不如学术不端更靠谱,,,学术不端;论文;学术
support,2024-10-11,20:44,BV1ET2UYxEuL,https://www.bilibili.com/video/BV1ET2UYxEuL/,纯干货无广告，毕业大论文(小论文)，如何优雅地拼拼凑凑，降重和润色，视频简介有对应文稿,,大论文;小论文,降重;论文
background,2024-10-09,20:08,BV12x2WYKEdt,https://www.bilibili.com/video/BV12x2WYKEdt/,论文数据是编的，该怎么办，会不会被发现啊，不支持，不鼓励，坚决严厉打击学术不端！,,,学术不端;论文;学术
out,2024-10-06,14:01,BV1CD1qYYELL,https://www.bilibili.com/video/BV1CD1qYYELL/,新增大量双非二三本硕，研究生教育扩招加统考，教育仿佛完成了闭环,,,
support,2024-10-04,08:38,BV1bt4we2EJf,https://www.bilibili.com/video/BV1bt4we2EJf/,纯干货无广告，毕业论文第五章总结与展望该怎么写,,毕业论文;总结与展望,论文
out,2024-09-27,04:18,BV1xZsoeoEcT,https://www.bilibili.com/video/BV1xZsoeoEcT/,研究生的就业好起来了，A股站起来了，一切都好起来了，让我们一路长红，干！！！,,,
support,2024-09-26,19:15,BV1cpx7eGEyY,https://www.bilibili.com/video/BV1cpx7eGEyY/,纯干货非广告，毕业论文第四章方法2该怎么写，视频简介有模板,,毕业论文;方法2;第四章,论文
out,2024-09-25,04:10,BV1n8xgeWEp2,https://www.bilibili.com/video/BV1n8xgeWEp2/,工科将全面改考408？研究生真的爽麻了，现在从备考爽到研三毕业,,,
out,2024-09-24,28:13,BV1cNsve9EkV,https://www.bilibili.com/video/BV1cNsve9EkV/,读研很简单，质疑师姐，成为师姐，超过师姐。答粉丝问，回复文稿在视频简介,,,
out,2024-09-22,07:49,BV16rskeGExi,https://www.bilibili.com/video/BV16rskeGExi/,研究新生如何，少走三年弯路，强推水导视频观看指南,,,
background,2024-09-21,14:02,BV1xDtzeJEKR,https://www.bilibili.com/video/BV1xDtzeJEKR/,从质疑院士学术造假有感，深入解读，延毕只有老实人这种现象,,,造假;学术
support,2024-09-18,21:16,BV1Lgt7eMEZd,https://www.bilibili.com/video/BV1Lgt7eMEZd/,毕业大论文第三章方法1该怎么写,,大论文;方法1;第三章,论文
out,2024-09-13,19:05,BV1bXtFe1ERe,https://www.bilibili.com/video/BV1bXtFe1ERe/,成长需要付出代价，人生没有标准答案，适合自己的才是真的，卷归卷，量力而行,,,
support,2024-09-11,10:50,BV1RT4reYEEC,https://www.bilibili.com/video/BV1RT4reYEEC/,毕业大论文第二章基础理论该怎么写，视频简介有模板,,大论文;基础理论;第二章,论文
support,2024-09-10,16:30,BV1QhpseMEwr,https://www.bilibili.com/video/BV1QhpseMEwr/,毕业大论文第一章绪论怎么写，视频简介有模板,,大论文;绪论,论文
out,2024-09-09,00:36,BV1NDp7eGEqq,https://www.bilibili.com/video/BV1NDp7eGEqq/,一天就一口，水导日常,,,
out,2024-09-08,96:26,BV1nQpieWEQw,https://www.bilibili.com/video/BV1nQpieWEQw/,花90分钟录制想让你顺利毕业，至于你愿意花多少分钟看，就是你的事了,,,
out,2024-09-04,06:01,BV1gLHheSEt8,https://www.bilibili.com/video/BV1gLHheSEt8/,研究生需要自救，UP也需要自救，硬起来才是硬道理,,,
out,2024-09-01,11:28,BV1s4421o7Sr,https://www.bilibili.com/video/BV1s4421o7Sr/,未经官方证实的9000亿，对研究生择业有何启发？,,,
out,2024-08-31,05:57,BV1Vz421v7Ri,https://www.bilibili.com/video/BV1Vz421v7Ri/,人生的挫折啊，磨难啊，不过如此。一起加油！,,,
background,2024-08-30,14:41,BV1LM4m1Y7QE,https://www.bilibili.com/video/BV1LM4m1Y7QE/,当代教育的本质是什么，育科研型人才，拉动市场经济，还是增大蓄水池？,,,科研
out,2024-08-29,06:53,BV1iH4y1F7z2,https://www.bilibili.com/video/BV1iH4y1F7z2/,过来人经验：读研很难，仅想毕业却不难,,,
background,2024-08-27,01:54,BV1ZZ42157yx,https://www.bilibili.com/video/BV1ZZ42157yx/,揭露B站学术骗子，1150元指导13分钟不退款，狠狠地吃人血馒头,,,学术
out,2024-08-24,10:30,BV12x4y1s7gS,https://www.bilibili.com/video/BV12x4y1s7gS/,弱者就理应被强者践踏，研究生理应当牛马？,,,
out,2024-08-18,10:57,BV1W2421Z7So,https://www.bilibili.com/video/BV1W2421Z7So/,今非昔比的扩招博士，盲目读博等于找不痛快活受罪，什么样的人适合赌博,,,
out,2024-08-16,19:58,BV1Wr421K7Ho,https://www.bilibili.com/video/BV1Wr421K7Ho/,研0，研一，研二，新学年的规划，要完成哪些事情，达到哪些目标,,,
out,2024-08-11,19:02,BV1nm42137q6,https://www.bilibili.com/video/BV1nm42137q6/,吐槽广东工业大学事件，暑假在实验室午休玩游戏毕业要求翻倍，一些不合理的事情正被合理化,,,
out,2024-08-05,22:26,BV1xn4y1f7Jy,https://www.bilibili.com/video/BV1xn4y1f7Jy/,整理并分析近十年数据，聊一聊研究生的现状，未来和自救方法,,,
out,2024-08-02,16:58,BV1Wz421i7jX,https://www.bilibili.com/video/BV1Wz421i7jX/,博士持续扩招已成必然，新增2755个硕博学位点能带来多大的影响？17分钟深入分析，有没有必要焦虑,,,
core,2024-07-31,09:59,BV1ir421K7kC,https://www.bilibili.com/video/BV1ir421K7kC/,生动形象的说清楚，学术论文如何编一个好故事,好故事;学术论文如何,,论文;学术
out,2024-07-25,16:36,BV1PM4m117rK,https://www.bilibili.com/video/BV1PM4m117rK/,研究生灵魂三问，研究生毕业后如何确保顺利找到一份还体面的工作,,,
out,2024-07-22,08:25,BV1yr421K7Cc,https://www.bilibili.com/video/BV1yr421K7Cc/,一是帮转发人民大学性骚扰事件，二是告诉研究生自保是最基本技能,,,
out,2024-07-21,12:38,BV1eS42197Ss,https://www.bilibili.com/video/BV1eS42197Ss/,佛度有缘人，研究生救命稻草，收藏以防万一,,,
out,2024-07-17,15:57,BV1Nf421z75Y,https://www.bilibili.com/video/BV1Nf421z75Y/,听Up一席话胜读三年研，对研究生说说掏心窝的话,,,
out,2024-07-15,20:23,BV1Qr421T7R2,https://www.bilibili.com/video/BV1Qr421T7R2/,为什么我想考编？是因为我不想努力吗，我不努力吗？,,,
out,2024-07-08,17:50,BV1Gi421Y7h1,https://www.bilibili.com/video/BV1Gi421Y7h1/,深夜杂货店，研究生要对导师祛魅，为什么要祛魅，如何解决,,,
out,2024-07-03,26:52,BV1dz421q7Wj,https://www.bilibili.com/video/BV1dz421q7Wj/,我的研究生毕业感想，打不倒你的，一定会让你更强大，但也会,,,
support,2024-06-27,33:52,BV1yT421a7JR,https://www.bilibili.com/video/BV1yT421a7JR/,30分钟，详解毕业大论文全网最正确的目录结构,,大论文,论文
support,2024-06-24,21:23,BV1j6421Z7yX,https://www.bilibili.com/video/BV1j6421Z7yX/,毕业大论文，看你会抄不会抄，毕业论文的前期准备,,大论文;毕业论文,论文
support,2024-06-20,08:22,BV12Z421M7pn,https://www.bilibili.com/video/BV12Z421M7pn/,研究生毕业论文从入门到放弃，提前开卷,,毕业论文,论文
out,2024-06-13,15:27,BV1f4421D7Xf,https://www.bilibili.com/video/BV1f4421D7Xf/,研究生如何与导师相处，你可能很懂规则懂道德，但是你不一定懂人性，不一定懂社会的运转法则,,,
out,2024-06-05,15:36,BV1Zs421g7PQ,https://www.bilibili.com/video/BV1Zs421g7PQ/,二战、三战真永远的神？研究生性价比还有几何，硕博梦就是扯淡？,,,
background,2024-06-02,24:58,BV1N442197JX,https://www.bilibili.com/video/BV1N442197JX/,聊聊我研究生毕业辞掉高校老师工作后，未来打算干啥，录制一些论文的真正干货,,,论文
out,2024-05-21,07:47,BV1Vx4y1p7Ei,https://www.bilibili.com/video/BV1Vx4y1p7Ei/,金三银四已过，五月又出就业重大利好，当代大学生就业该如何自保，研究生如何面对22年的扩招？,,,
background,2024-05-17,41:42,BV1eD421A7Bh,https://www.bilibili.com/video/BV1eD421A7Bh/,我耗费40分钟录毕业答辩，至于你花多长时间看，事关你的毕业，那就是你的事了~,,,答辩
out,2024-05-16,08:51,BV1Xw4m1Q7pY,https://www.bilibili.com/video/BV1Xw4m1Q7pY/,研究生灵魂三问，研究生还有红利吗，体制内仍然很香吗，研究生该何去何从？,,,
core,2024-05-10,09:54,BV17s421N7am,https://www.bilibili.com/video/BV17s421N7am/,学术裁缝(财富)让你保底毕业，学会编故事让你的论文更上一个级别，CVPR带读,学术裁缝;编故事,,论文;学术
out,2024-05-07,07:23,BV1jE421L7Mf,https://www.bilibili.com/video/BV1jE421L7Mf/,深夜聊聊我们绝大多数研究生的心声，研究生的我，为什么只想躺平，不想继续努力了，如何破局,,,
out,2024-05-04,09:13,BV19s421P7Dt,https://www.bilibili.com/video/BV19s421P7Dt/,金三银四，终于拿到offer了，关于我试讲了很多高校的看法,,,
out,2024-04-30,12:21,BV1zm421p7nk,https://www.bilibili.com/video/BV1zm421p7nk/,学位性价比变高？纯属扯淡！！全网最大胆的《学位法》详解,,,
support,2024-04-22,12:29,BV11D421J79N,https://www.bilibili.com/video/BV11D421J79N/,大的终于来了，毕业论文抽查代码系统，究其本质是头痛医头，打破信息差,,毕业论文,论文
support,2024-04-19,10:36,BV1Cx4y187J8,https://www.bilibili.com/video/BV1Cx4y187J8/,研究生大论文返修延毕名单出来后，聊聊延毕只有老实人这个规律,,大论文,论文
out,2024-04-15,03:52,BV17t42177kf,https://www.bilibili.com/video/BV17t42177kf/,打破信息差，研究生外加3年对口企业工作经验才能进公办专科，未来该何去何从,,,
out,2024-04-12,06:17,BV1Nq421F7oJ,https://www.bilibili.com/video/BV1Nq421F7oJ/,国奖/省奖 对于找工作、申博和考公考编究竟有什么作用？,,,
out,2024-04-10,05:18,BV14T421m7bt,https://www.bilibili.com/video/BV14T421m7bt/,研究生们，你们从黄若非和郑凤这两件事中学到了什么？一定要懂得搜集证据啊,,,
support,2024-04-08,09:57,BV1dx421U7B3,https://www.bilibili.com/video/BV1dx421U7B3/,接好运~毕业大论文盲审一定能过，根据返稿意见反思为什么会被挂,,大论文,论文
support,2024-04-06,05:23,BV1eM4m1Q7qy,https://www.bilibili.com/video/BV1eM4m1Q7qy/,论文写完了，如何找到最适合自己的可投稿期刊呢？,,期刊;投稿;论文写完,论文
out,2024-04-03,16:12,BV1B1421U7H2,https://www.bilibili.com/video/BV1B1421U7H2/,是读研读书无用论，还是被迫考公考编申博，还是400次简历投递换1次面试机会？高校讲师岗位的求职心得,,,
out,2024-03-27,07:01,BV1Bt42137Ld,https://www.bilibili.com/video/BV1Bt42137Ld/,特大喜报！2024年研究生就业形势非常明朗！！！毕业率100%，就业率100%，真实率？？？,,,
out,2024-03-24,05:09,BV1qH4y1p7jF,https://www.bilibili.com/video/BV1qH4y1p7jF/,好消息，今年可能是未来十年就业最好的一年；坏消息，今年应该是近十年来就业最差的一年,,,
out,2024-03-22,10:22,BV1ZJ4m1j7h7,https://www.bilibili.com/video/BV1ZJ4m1j7h7/,知道你找不到工作睡不着觉，进来看看吧！学校：就业形势更严峻，莫要观望,,,
out,2024-03-18,80:56,BV1jw4m1R7Cq,https://www.bilibili.com/video/BV1jw4m1R7Cq/,我耗费80分钟录，至于你肯花多少分看，事关你毕业，就是你自己的事了,,,
background,2024-03-15,04:38,BV1eZ421b7CK,https://www.bilibili.com/video/BV1eZ421b7CK/,学术315，让研究生的你不再焦虑，就是这期视频的主题，毕业真的没你想的那么难,,,学术
out,2024-03-14,00:23,BV15D42177Ht,https://www.bilibili.com/video/BV15D42177Ht/,一个人的的成功离不开自己的努力，但更离不开历史的进程，一切都是命，相信未来，形势大好！！！,,,
out,2024-03-13,10:13,BV1wH4y1L7nZ,https://www.bilibili.com/video/BV1wH4y1L7nZ/,和高校领导的一次谈话：研究生该如何选择，民办？还是公立？专科？还是二三本？,,,
out,2024-03-11,09:53,BV1ai421o7Hu,https://www.bilibili.com/video/BV1ai421o7Hu/,和导师大吵一架后，发现了研究生的根本问题，研究牲,,,
out,2024-03-05,08:41,BV11C411p7AY,https://www.bilibili.com/video/BV11C411p7AY/,二话不说直接开怼，给研究生的一剂猛药，佛渡有缘人,,,
background,2024-03-02,03:48,BV1cH4y1j742,https://www.bilibili.com/video/BV1cH4y1j742/,为什么你的论文屡投被拒，一文讲透什么才是“真正”的学术创新，仅以中论文为目的,,,论文;学术
out,2024-02-28,08:39,BV1wv421r7vN,https://www.bilibili.com/video/BV1wv421r7vN/,给考研失利和备战复试的同学说两句话，乐观，乐观，一定要乐观！！！,,,
support,2024-02-24,04:25,BV16y421q7jy,https://www.bilibili.com/video/BV16y421q7jy/,一个学期/一学年如何发表一篇SCI4区论文？,,SCI;Sci;sci,论文
out,2024-02-20,07:30,BV1Ey42187rc,https://www.bilibili.com/video/BV1Ey42187rc/,研究生导师形同虚设的原因，为什么我又能成为B站水导,,,
out,2024-02-16,02:15,BV1xH4y1a7NR,https://www.bilibili.com/video/BV1xH4y1a7NR/,多少人羡慕的农村新年，30万粉丝的up带你体验，初八开工录视频,,,
out,2024-02-08,06:27,BV1NZ421U7Xn,https://www.bilibili.com/video/BV1NZ421U7Xn/,3年前你读研 vs 3年前他考公，今天的差别，你后悔了吗,,,
out,2024-02-06,04:24,BV16u4m1N78C,https://www.bilibili.com/video/BV16u4m1N78C/,你们只看到黄教授的解聘和撤稿，我却看到了对研究生的启示,,,
out,2024-02-01,13:01,BV1YT4m1S7hd,https://www.bilibili.com/video/BV1YT4m1S7hd/,读研赚钱？不如来学赚钱术！,,,
support,2024-01-27,05:48,BV1jk4y1S7Dk,https://www.bilibili.com/video/BV1jk4y1S7Dk/,（AI推荐标题，笑死）一篇顶级会议论文，是如何被“加工”成一篇垃圾会议文章的...,,会议,论文
support,2024-01-19,05:29,BV1YN4y1n726,https://www.bilibili.com/video/BV1YN4y1n726/,华中农129页小论文分析，学术不端不过是，学术圈的替死鬼,,小论文,学术不端;论文;学术
out,2024-01-17,10:50,BV1L94y1K7D2,https://www.bilibili.com/video/BV1L94y1K7D2/,翟天临事件受伤的只有学生，我怕华中农黄教授事件，受伤的最后也只有学生,,,
out,2024-01-14,12:58,BV1v94y1T7wb,https://www.bilibili.com/video/BV1v94y1T7wb/,研究生还不独立思考，继续随波逐流，就是痛苦一辈子了,,,
support,2024-01-10,06:01,BV1Lk4y197Fj,https://www.bilibili.com/video/BV1Lk4y197Fj/,SCI2区论文是怎么水的，论文剖析实例解读，科研Trick揭秘，摸摸老虎屁股,,SCI;Sci;sci;科研trick;论文剖析,论文;科研
support,2024-01-08,07:51,BV1mK4y167Hf,https://www.bilibili.com/video/BV1mK4y167Hf/,研一就发两篇SCI，是天道酬勤，还是另有秘密武器，研究生方向抉择,,SCI;Sci;sci,
support,2024-01-04,06:45,BV1kK411s72y,https://www.bilibili.com/video/BV1kK411s72y/,导师不可能和学生讲的秘密，高质量的SCI，对导师有何大用，对学生又有什么用？,,SCI;Sci;sci,
support,2024-01-02,09:03,BV1s64y1E7em,https://www.bilibili.com/video/BV1s64y1E7em/,大学生可以不会水论文，但要学会合法合理维权，第一次维权记录,,水论文,论文
out,2023-12-28,11:18,BV1XQ4y1E7LC,https://www.bilibili.com/video/BV1XQ4y1E7LC/,不看后悔系列，研究生3年该怎么度过，996还是007，再次声明，我不是摆烂up，更不教人摆烂,,,
out,2023-12-17,05:39,BV1Xe411k7W1,https://www.bilibili.com/video/BV1Xe411k7W1/,国企待遇揭秘，天不负研究生，一定要一战成硕来陪我啊！！！,,,
support,2023-12-14,03:58,BV1yN4y1h7td,https://www.bilibili.com/video/BV1yN4y1h7td/,大论文必备收藏技能，Latex公式秒变Word公式，附Word激活方法教学,,大论文,论文
background,2023-12-12,05:50,BV1H64y1V7K7,https://www.bilibili.com/video/BV1H64y1V7K7/,论文灌水套路揭秘后，唯论文论将不攻自破，物极必反,,,论文
support,2023-12-07,13:04,BV1YG411Y79V,https://www.bilibili.com/video/BV1YG411Y79V/,2篇sci➕一堆科研成果仍然不好找工作，拿不到offer，没有谁的研究生不迷茫,,SCI;Sci;sci,科研
support,2023-12-05,09:48,BV1QH4y1C7iQ,https://www.bilibili.com/video/BV1QH4y1C7iQ/,深入讲解科研bug，OA期刊和非OA期刊的区别，毕业神刊OA,,期刊,科研
out,2023-12-01,11:47,BV15u4y1V7Eu,https://www.bilibili.com/video/BV15u4y1V7Eu/,最近发生的一些事，给研究生释放了什么信号，提前准备，提前准备，提前准备！！！,,,
background,2023-11-26,00:35,BV1Kc411z7i4,https://www.bilibili.com/video/BV1Kc411z7i4/,一语道破科研本质，你们的反馈就是我敢于前进的最大动力！历来粉丝反馈合集～,,,科研
out,2023-11-25,11:57,BV1Ju4y157Xy,https://www.bilibili.com/video/BV1Ju4y157Xy/,论读书如何改变水导命运，读研没有意义，但不意味着没必要读,,,
out,2023-11-20,13:50,BV1Sa4y1U7c4,https://www.bilibili.com/video/BV1Sa4y1U7c4/,学历和证书已经被社会淘汰？阶段性的能力提升才是主旋律,,,
out,2023-11-15,14:22,BV1fw411W7RA,https://www.bilibili.com/video/BV1fw411W7RA/,警告，警告！20年第一批扩招的本科生和博士生即将出栏，硕士将面临前所未有的就业压力,,,
support,2023-11-14,39:26,BV1ob4y1g7Cb,https://www.bilibili.com/video/BV1ob4y1g7Cb/,教会徒弟饿死师傅系列，讲清楚大论文如何无中生有,,大论文,论文
out,2023-11-05,04:16,BV1qw411M7MX,https://www.bilibili.com/video/BV1qw411M7MX/,真心希望每一个研究生，都能好好的毕业就业,,,
out,2023-11-04,07:00,BV1cC4y1J7w7,https://www.bilibili.com/video/BV1cC4y1J7w7/,持续扩招和严峻大环境下，研究生的自救指南，近9万字干货,,,
core,2023-11-01,08:40,BV1a94y1G7Xp,https://www.bilibili.com/video/BV1a94y1G7Xp/,学术裁缝是学术不端？我的视频误人子弟？,学术裁缝,,学术不端;学术
out,2023-10-23,13:00,BV13j411i7qA,https://www.bilibili.com/video/BV13j411i7qA/,通过十几位粉丝的聊天回答研究生终极问题，读研到底有何意义,,,
support,2023-10-18,10:42,BV1jy4y1K7gu,https://www.bilibili.com/video/BV1jy4y1K7gu/,实操演示有手就行的Ei会议5天录用，也许ei能打破唯论文论,,会议,论文
support,2023-09-27,12:13,BV1v841117EV,https://www.bilibili.com/video/BV1v841117EV/,最正确的选择论文投稿级别方法，Sci一区，二区还是四区？亦或者ei会议？,,SCI;Sci;sci;会议;投稿,论文
out,2023-09-23,10:19,BV12u411g7Xt,https://www.bilibili.com/video/BV12u411g7Xt/,秋招两次被拒后，我学会了简历包装，秋意渐浓，记得加衣,,,
out,2023-09-21,05:28,BV15V411A7AU,https://www.bilibili.com/video/BV15V411A7AU/,研一新生怎么挑方向，研二老生如何换方向,,,
support,2023-09-19,07:55,BV1rN411H7LD,https://www.bilibili.com/video/BV1rN411H7LD/,从ei会议到oa期刊，有手就行，谁才是幕后推手？,,期刊;会议,
support,2023-09-16,32:22,BV1E94y1s7nB,https://www.bilibili.com/video/BV1E94y1s7nB/,过了这村就没这店，毕业大论文到底怎么写才能一次过？？？,,大论文,论文
background,2023-09-13,03:59,BV1rh4y1w7qg,https://www.bilibili.com/video/BV1rh4y1w7qg/,什么是学术创新，客观实事求是？,,,学术
background,2023-09-12,12:05,BV1dk4y1c7tW,https://www.bilibili.com/video/BV1dk4y1c7tW/,学术缅北，识时务者为俊杰,,,学术
out,2023-09-08,06:16,BV1cu4y1k7UJ,https://www.bilibili.com/video/BV1cu4y1k7UJ/,考研和考编同时上岸选哪个，研究生还有红利吗？,,,
out,2023-09-05,13:38,BV1jF411r79D,https://www.bilibili.com/video/BV1jF411r79D/,读研的你如何面对工作难的困境，综合能力的提升才是致胜法宝,,,
out,2023-09-02,10:17,BV17N411q7eZ,https://www.bilibili.com/video/BV17N411q7eZ/,读研有何意义，它又到底再培养你的什么能力，专业知识还是人情世故？,,,
background,2023-08-29,11:02,BV1jj41127yt,https://www.bilibili.com/video/BV1jj41127yt/,学术实验性能达到什么要求可以发文，决定你论文出产速度的一期,,,论文;学术
support,2023-08-12,14:02,BV1oP411x7H3,https://www.bilibili.com/video/BV1oP411x7H3/,求你别再自我意淫学术小论文了！开始带你动笔，纯净干货无广告,,小论文,论文;学术
core,2023-08-08,09:23,BV1b14y1q7ju,https://www.bilibili.com/video/BV1b14y1q7ju/,手把手带你找，学术裁缝中的模块，Sci真不难系列,学术裁缝;学术裁缝中的模块,SCI;Sci;sci,学术
core,2023-08-07,11:46,BV1yk4y1g7KS,https://www.bilibili.com/video/BV1yk4y1g7KS/,新老粉丝专享，学术裁缝中的基准模型，手把手教你找,学术裁缝,,学术
core,2023-08-05,09:47,BV1xz4y1p7Fj,https://www.bilibili.com/video/BV1xz4y1p7Fj/,学术裁缝，水论文保毕业的，可行性分析，首次解读,学术裁缝,水论文,论文;学术
out,2023-08-03,06:20,BV1e94y1C7j4,https://www.bilibili.com/video/BV1e94y1C7j4/,某top2和双非课题组，硕士就业情况，来参考下吧！,,,
out,2023-07-27,08:39,BV1CP411z7uK,https://www.bilibili.com/video/BV1CP411z7uK/,研究生搞明白了这个，就不会再自我否定，整天抑郁焦虑了！！！,,,
out,2023-07-25,09:58,BV1oh4y1y7tG,https://www.bilibili.com/video/BV1oh4y1y7tG/,回复小黑子：你凭什么觉得你能成为Ai算法工程师？？？,,,
support,2023-07-22,07:02,BV1Vz4y1t7d9,https://www.bilibili.com/video/BV1Vz4y1t7d9/,Ai硕的尽头是Java，没人敢站出来反对吧！科研和产业届的异同,,,科研
background,2023-07-21,11:49,BV1sx4y1d7Qd,https://www.bilibili.com/video/BV1sx4y1d7Qd/,学术界论文咔咔乱发的诀窍，一年十篇打底,,,论文;学术
out,2023-07-19,10:26,BV1hW4y1d7VE,https://www.bilibili.com/video/BV1hW4y1d7VE/,研究生，入学前就必须搞明白的一件事，省得一步错步步错,,,
background,2023-07-17,14:38,BV17k4y157ZK,https://www.bilibili.com/video/BV17k4y157ZK/,斗胆和你讲讲，论文辅导机构那些事儿～如何贩卖焦虑,,,论文
out,2023-07-14,08:56,BV1fN41117CL,https://www.bilibili.com/video/BV1fN41117CL/,面对导师刁难，要学会保护好自己！！！示弱、拖、装死……,,,
background,2023-07-12,12:41,BV1Rj411Z7mi,https://www.bilibili.com/video/BV1Rj411Z7mi/,电动车坏了，却让我对科研、学术和论文的意义产生了怀疑，缓解读研焦虑,,,论文;学术;科研
out,2023-07-09,40:56,BV14a4y1F7bU,https://www.bilibili.com/video/BV14a4y1F7bU/,读研时一段对自己真正有意义的规划，研究生不看后悔终生,,,
out,2023-07-05,04:15,BV1jg4y1P7ZK,https://www.bilibili.com/video/BV1jg4y1P7ZK/,急！真有必要读研吗？研究生了速来回答，本科生带拿上小板凳,,,
support,2023-07-04,17:55,BV1NV4y1a7Hs,https://www.bilibili.com/video/BV1NV4y1a7Hs/,研二做俩事，定实验，写论文，然后该干嘛干嘛去！,,写论文,论文
out,2023-06-30,20:13,BV1pP411e7aD,https://www.bilibili.com/video/BV1pP411e7aD/,研一新生，搞清楚这两件事，暑假开心嗨,,,
out,2023-06-27,31:33,BV1ps4y1F7St,https://www.bilibili.com/video/BV1ps4y1F7St/,给准研究生们的一些入学建议，视频虽长，耐心看完。如无受益，评论区自便,,,
support,2023-06-25,13:30,BV1MX4y1p7UY,https://www.bilibili.com/video/BV1MX4y1p7UY/,我将不再低调，暑期录一个科研水论文入门全集,,水论文,论文;科研
background,2023-06-17,10:26,BV1Ds4y1y7Rf,https://www.bilibili.com/video/BV1Ds4y1y7Rf/,水导谈你读研痛苦的原因，科研和学术的区别你还年轻不懂！,,,学术;科研
background,2023-06-15,01:42,BV1Zh4y1g7sD,https://www.bilibili.com/video/BV1Zh4y1g7sD/,和毕业师兄聊天，科研和工业生产(工作)有什么区别？,,,科研
support,2023-06-15,10:59,BV12M4y1J737,https://www.bilibili.com/video/BV12M4y1J737/,手把手教你论文投稿返修，期刊越差审稿周期越长是为什么？,,期刊;投稿,论文
support,2023-06-11,07:33,BV1FW4y1Q76J,https://www.bilibili.com/video/BV1FW4y1Q76J/,性能好才能发论文？高二生都发SCI了，你还在这想七想八，动不了手,,SCI;Sci;sci,论文
support,2023-06-06,12:41,BV1B14y1D7EC,https://www.bilibili.com/video/BV1B14y1D7EC/,怎么选择合适的期刊，课题组有额外要求怎么办,,期刊,
out,2023-06-01,13:15,BV1ao4y1u7Wk,https://www.bilibili.com/video/BV1ao4y1u7Wk/,4大读研真相(香)，读研真就很痛苦？一辈子一定要读一次研,,,
out,2023-05-31,08:04,BV1Co4y1M7Q1,https://www.bilibili.com/video/BV1Co4y1M7Q1/,本硕博c9，为什么也不推荐你去读(赌)博？,,,
out,2023-05-30,02:43,BV16X4y1h7og,https://www.bilibili.com/video/BV16X4y1h7og/,仅存的白嫖ChatGPT的方法，白嫖审稿人的方法也顺带讲讲,,,
support,2023-05-29,03:53,BV1bu4y1f7We,https://www.bilibili.com/video/BV1bu4y1f7We/,节省科研时间的，学术论文捆绑销售法,,,论文;学术;科研
core,2023-05-25,04:04,BV1fV4y1B72F,https://www.bilibili.com/video/BV1fV4y1B72F/,学术裁缝调参术，轻松解决消融难题,学术裁缝;裁缝调参,消融,学术
support,2023-05-24,07:53,BV1TX4y1y7HE,https://www.bilibili.com/video/BV1TX4y1y7HE/,高端科研trick，助你论文嘎嘎乱发，删后补发,,科研trick,论文;科研
support,2023-05-23,08:11,BV14c411A75s,https://www.bilibili.com/video/BV14c411A75s/,结果差也能发论文？让顶刊给你答案，科研trick,,顶刊;科研trick,论文;科研
support,2023-05-21,09:49,BV1UM4y1q7Hx,https://www.bilibili.com/video/BV1UM4y1q7Hx/,如何判断你论文的创新度和工作量，能否达到期刊要求？,,期刊;创新度;工作量,论文
support,2023-05-16,06:21,BV15u411x7iE,https://www.bilibili.com/video/BV15u411x7iE/,一个怎样的trick，能让论文立于顶刊顶会不败之地，靠这一年写个几十篇论文不过分吧？,,顶刊;顶会,论文
background,2023-05-10,04:06,BV11X4y127rB,https://www.bilibili.com/video/BV11X4y127rB/,答辩舔狗，只答不辩，舔到最后，应有尽有,,,答辩
support,2023-05-07,18:51,BV1qL41187Ca,https://www.bilibili.com/video/BV1qL41187Ca/,导师为业绩逼你看顶刊，我担心你毕业求你多看水刊，实例分析顶刊真的顶，水刊真的水，毕业真容易,,顶刊;水刊,
support,2023-05-05,03:27,BV1Ns4y197EM,https://www.bilibili.com/video/BV1Ns4y197EM/,灌水论文的核心逻辑，营造信息差，事事不较真，海阔天空，人生也如此,,水论文,论文
out,2023-05-03,10:25,BV1814y1Z7HF,https://www.bilibili.com/video/BV1814y1Z7HF/,难得能给导师画饼，开题的饼要越大越好，馅可以和米粒样大,,,
support,2023-04-26,01:48,BV11L411Y7j3,https://www.bilibili.com/video/BV11L411Y7j3/,一个开源方法，对领域所有可投期刊分类后顶刊水刊一眼明了，超乎你想象,,顶刊;水刊;期刊,
support,2023-04-24,06:04,BV1TP411U7P8,https://www.bilibili.com/video/BV1TP411U7P8/,软件使用指南，获取目标领域的所有可投期刊,,期刊,
support,2023-04-24,07:43,BV1Qs4y1d7BF,https://www.bilibili.com/video/BV1Qs4y1d7BF/,一个方法，获取领域所有可投期刊，并给期刊分类后顶刊、水刊一眼明了，避免论文投了就被拒,,顶刊;水刊;期刊,论文
support,2023-04-18,08:12,BV1us4y1A75M,https://www.bilibili.com/video/BV1us4y1A75M/,指导过的双非本三生水完ei论文，两个关键点,,,论文
support,2023-04-17,06:30,BV1Zo4y1L7my,https://www.bilibili.com/video/BV1Zo4y1L7my/,科研党不听后悔终生，有继承的科研就像一刀999的传奇，开局就送论文,,,论文;科研
out,2023-04-15,03:24,BV17s4y127VF,https://www.bilibili.com/video/BV17s4y127VF/,审稿人看不懂直接拒的两个部分，摘要和结论怎么写？,,,
support,2023-04-14,15:06,BV1yM41157yT,https://www.bilibili.com/video/BV1yM41157yT/,什么是水刊、顶刊顶会？期刊级别划分及机构售价，sci，ccf，ssci，ei，国内核心…,,SCI;Sci;sci;顶刊;水刊;顶会;期刊,
support,2023-04-13,01:49,BV1F24y1A7kw,https://www.bilibili.com/video/BV1F24y1A7kw/,期刊小论文和毕业大论文的“新”有什么区别,,期刊;大论文;小论文,论文
background,2023-04-11,19:48,BV1ta4y1T7EJ,https://www.bilibili.com/video/BV1ta4y1T7EJ/,论文拒了可再投，双盲审仅有一次，过了我这村，就没这店了,,,论文
core,2023-04-08,34:56,BV1qv4y1n7dx,https://www.bilibili.com/video/BV1qv4y1n7dx/,35分钟教你从0到1，水出SCI（精品），学术裁缝必修课,学术裁缝,SCI;Sci;sci,学术
support,2023-04-05,09:32,BV1GX4y1k7jn,https://www.bilibili.com/video/BV1GX4y1k7jn/,如何不学术不端的“抄”师兄的毕业大论文，减轻工作量,,工作量;大论文,学术不端;论文;学术
out,2023-03-30,03:22,BV1wX4y1d7v7,https://www.bilibili.com/video/BV1wX4y1d7v7/,很想反驳导师，但是ChatGPT是真的牛啊,,,
support,2023-03-27,09:27,BV1nM411M75V,https://www.bilibili.com/video/BV1nM411M75V/,不是你菜写不出来论文，只是没人教你水论文的套路,,水论文,论文
background,2023-03-20,16:25,BV17k4y1t7sT,https://www.bilibili.com/video/BV17k4y1t7sT/,ChatGPT的注册和论文润色翻译撰写指南，附up个人心得,,,论文
out,2023-03-15,04:16,BV1mP411Z7tn,https://www.bilibili.com/video/BV1mP411Z7tn/,双盲审，你不需要跑的比熊快，而是比你的兄弟姐妹们快,,,
support,2023-03-13,10:52,BV1SY4y197yA,https://www.bilibili.com/video/BV1SY4y197yA/,和审稿专家聊完，毕业论文初稿还可以抢救一下再提交,,毕业论文,论文
support,2023-03-12,06:44,BV1uM411x7ng,https://www.bilibili.com/video/BV1uM411x7ng/,指导过的双非本科生水完sci4区论文，两个关键点,,SCI;Sci;sci,论文
support,2023-03-05,04:24,BV168411F7j6,https://www.bilibili.com/video/BV168411F7j6/,给正被催毕业大论文的你，硕士论文真的不难,,大论文,论文
background,2023-02-21,05:59,BV1CY4y1m7Yq,https://www.bilibili.com/video/BV1CY4y1m7Yq/,为什么推荐你造假，也别去买论文,,,造假;论文
background,2023-02-07,07:26,BV1jj411K7SV,https://www.bilibili.com/video/BV1jj411K7SV/,论文洗搞有技巧，把他的东西正大光明写成自己的,,,论文
core,2023-01-15,11:30,BV1mK411C7WH,https://www.bilibili.com/video/BV1mK411C7WH/,缝(水)完论文模型一眼被拒，怎么去写水文真的很重要,缝(水),模型一眼被拒,论文
support,2023-01-12,14:30,BV1gA411f7YC,https://www.bilibili.com/video/BV1gA411f7YC/,大数据都不想让你知道的水论文套路，限流后换个版本录出来告诉你,,水论文,论文
out,2023-01-04,03:27,BV1JD4y1V7ar,https://www.bilibili.com/video/BV1JD4y1V7ar/,审稿人必看的，摘要和总结不被拒稿的写法，明白两者本质区别,,,
support,2022-12-06,07:47,BV1EV4y1P7PQ,https://www.bilibili.com/video/BV1EV4y1P7PQ/,学术造假也请你认真对待，站在审稿人的角度教你水论文,,水论文,造假;论文;学术
support,2022-11-28,07:10,BV1dg411p7QP,https://www.bilibili.com/video/BV1dg411p7QP/,换个角度反向提升实验性能超过顶刊 (水论文小trick),,水论文;顶刊,论文
support,2022-11-23,23:34,BV1fW4y1W7dS,https://www.bilibili.com/video/BV1fW4y1W7dS/,sci灌水文每个部分都这样写就对了，模板链接在视频简介中,,SCI;Sci;sci,
support,2022-11-07,03:42,BV1fP411F7ke,https://www.bilibili.com/video/BV1fP411F7ke/,水论文必须学会的两件事(99%干)，所有领域通用,,水论文,论文
support,2022-10-28,20:04,BV1vt4y1T7sy,https://www.bilibili.com/video/BV1vt4y1T7sy/,水论文，创新如何找，优秀者模仿，视频末尾有例子示范,,水论文,论文
support,2022-10-13,10:20,BV1sD4y1C7SP,https://www.bilibili.com/video/BV1sD4y1C7SP/,如何快速水完论文，期刊和会议的区别，水刊不如水会,,水刊;期刊;会议,论文
core,2022-10-10,15:09,BV1ne41157Gn,https://www.bilibili.com/video/BV1ne41157Gn/,水论文如何吹一个好故事，伟大者剽窃，核心思想是复刻,好故事;水论文如何吹,水论文,论文
support,2022-10-09,13:55,BV1UB4y1j7Vv,https://www.bilibili.com/video/BV1UB4y1j7Vv/,劝人读研，五雷轰顶，来这教你水论文混毕业,,水论文,论文
background,2022-10-03,17:25,BV1YT411K7sU,https://www.bilibili.com/video/BV1YT411K7sU/,原来我可以不用发论文就能毕业？？笑死，哈哈哈！,,,论文
support,2022-09-26,27:40,BV1st4y1w7u5,https://www.bilibili.com/video/BV1st4y1w7u5/,一份论文两用，无缝切换大小论文,,小论文,论文
core,2022-09-22,22:24,BV11g41127Zn,https://www.bilibili.com/video/BV11g41127Zn/,教你做称职的学术裁缝(纯干货)，明白顶刊和水刊的意义~,学术裁缝,顶刊;水刊,学术
core,2022-09-20,16:29,BV1YT411T7MD,https://www.bilibili.com/video/BV1YT411T7MD/,学术妲己拯救你做一个优秀的学术裁缝，没有继承且无法复现论文模型怎么办？,学术裁缝,,论文;学术
out,2022-09-17,13:13,BV1Pd4y1r7VG,https://www.bilibili.com/video/BV1Pd4y1r7VG/,没有继承的研，不读也罢，哎！,,,
support,2022-09-16,22:27,BV1CP411G7VX,https://www.bilibili.com/video/BV1CP411G7VX/,完蛋，复现论文模型性能更差了！！！,,,论文
out,2022-09-11,15:48,BV1Ue4y1C7mX,https://www.bilibili.com/video/BV1Ue4y1C7mX/,20 Transformer 的输出和输入是什么,,,
out,2022-08-31,12:08,BV1ca411375k,https://www.bilibili.com/video/BV1ca411375k/,01 GPT 和 BERT 开课了（两者和 Transformer 的区别）,,,
background,2022-08-02,17:05,BV1ta411Z71f,https://www.bilibili.com/video/BV1ta411Z71f/,Ai领域，什么样的论文改进才配叫创新？？？,,,论文
out,2022-07-27,25:08,BV18B4y1k7d3,https://www.bilibili.com/video/BV18B4y1k7d3/,03 Transformer 中的多头注意力（Multi-Head Attention）Pytorch代码实现,,,
out,2022-07-26,14:22,BV11e4y1Q7kb,https://www.bilibili.com/video/BV11e4y1Q7kb/,0201 为什么 Pytorch 定义模型要有一个 init 和一个 forward，两者怎么区分,,,
out,2022-07-25,15:39,BV11V4y177vr,https://www.bilibili.com/video/BV11V4y177vr/,02 Transformer 中 Add&Norm（残差和标准化）代码实现,,,
out,2022-07-24,14:39,BV1Sg411y7R2,https://www.bilibili.com/video/BV1Sg411y7R2/,01 通过 Pytorch 构建 Transformer 框架课程介绍（拿什么打倒你的面试对手呢？坚决不做调包侠）,,,
out,2022-07-23,12:22,BV1C94y1S7rF,https://www.bilibili.com/video/BV1C94y1S7rF/,1001 Attention 和 Self-Attention 的区别（还不能区分我就真的无能为力了）,,,
out,2022-07-10,14:07,BV1u34y1H7cd,https://www.bilibili.com/video/BV1u34y1H7cd/,1401 位置编码公式详细理解补充,,,
out,2022-07-08,17:54,BV1Sf4y1Z7ke,https://www.bilibili.com/video/BV1Sf4y1Z7ke/,19 Transformer 解码器的两个为什么（为什么做掩码、为什么用编码器-解码器注意力）,,,
out,2022-07-06,14:33,BV1tr4y1u78e,https://www.bilibili.com/video/BV1tr4y1u78e/,17 Transformer 的解码器（Decoders）——我要生成一个又一个单词,,,
out,2022-07-05,23:58,BV1kG411x7ZF,https://www.bilibili.com/video/BV1kG411x7ZF/,16 Transformer的编码器（Encodes）——我在做更优秀的词向量,,,
out,2022-07-04,16:51,BV1XU4y1S73X,https://www.bilibili.com/video/BV1XU4y1S73X/,15 Transformer 框架概述,,,
out,2022-07-01,18:35,BV1ia411H7ra,https://www.bilibili.com/video/BV1ia411H7ra/,14 Transformer之位置编码Positional Encoding （为什么 Self-Attention 需要位置编码）,,,
out,2022-06-30,20:20,BV1sN4y1g768,https://www.bilibili.com/video/BV1sN4y1g768/,13 Transformer的多头注意力，Multi-Head Self-Attention（从空间角度解释为什么做多头）,,,
out,2022-06-30,11:38,BV1wN4y1g7Cs,https://www.bilibili.com/video/BV1wN4y1g7Cs/,12 Transformer的掩码自注意力机制，Masked Self-Attention（掩码自注意力机制）,,,
out,2022-06-29,10:05,BV1VY4y1n7D2,https://www.bilibili.com/video/BV1VY4y1n7D2/,11 Self-Attention 相比较 RNN 和 LSTM 的优缺点,,,
out,2022-06-29,19:38,BV1ht4y187JE,https://www.bilibili.com/video/BV1ht4y187JE/,10 Transformer 之 Self-Attention（自注意力机制）,,,
out,2022-06-20,23:45,BV1QW4y167iq,https://www.bilibili.com/video/BV1QW4y167iq/,09 Transformer 之什么是注意力机制（Attention）,,,
out,2022-06-15,28:28,BV1mZ4y1q7J2,https://www.bilibili.com/video/BV1mZ4y1q7J2/,08 ELMo模型（双向LSTM模型解决词向量多义问题）,,,
out,2022-06-14,09:53,BV12T411576z,https://www.bilibili.com/video/BV12T411576z/,07 预训练语言模型的下游任务改造简介（如何使用词向量）,,,
out,2022-06-14,24:24,BV1Y3411g7Jq,https://www.bilibili.com/video/BV1Y3411g7Jq/,06 Word2Vec模型（第一个专门做词向量的模型，CBOW和Skip-gram）,,,
out,2022-06-12,32:27,BV1mY4y1W75o,https://www.bilibili.com/video/BV1mY4y1W75o/,05 神经网络语言模型（独热编码+词向量 Word Embedding 的起源）,,,
out,2022-06-11,21:57,BV1f34y1V7Ch,https://www.bilibili.com/video/BV1f34y1V7Ch/,04 统计语言模型（n元语言模型）,,,
out,2022-06-10,17:01,BV15B4y1S7u4,https://www.bilibili.com/video/BV15B4y1S7u4/,03 什么是预训练（Transformer 前奏）,,,
out,2022-06-07,15:12,BV11v4y137sN,https://www.bilibili.com/video/BV11v4y137sN/,Transformer和BERT看不懂来这里，告诉你他们的前世今生，必能懂,,,
